App,评分,日期,差评原文
=== EA Auto Language Translate (4 reviews) ===
EA Auto Language Translate,2star,2026年3月29日,Emorelle 埃及 9个月 人在使用应用 EasyApps
EA Auto Language Translate,2star,2026年8月6日,"Hi, sorry to hear you had a bad experience. How can we make it better?"
EA Auto Language Translate,3star,2026年5月17日,it would be nice if it showed what country the languages are for. Family Gadget Store 美国 2天 人在使用应用 EasyApps
EA Auto Language Translate,3star,2026年7月13日,"Hi, Thanks for leaving this feedback, we have added this feature now!"

=== GTranslate (44 reviews) ===
GTranslate,1star,2026年6月29日,"Don't install if you are not willing to pay for their paid version, lots of restrictions, you cannot edit,you cant even create a account on their website. Translations are not 100% correct,if anything wrong you will have to pay first & then only you can edit it. This app is not worth paying 12 dolla"
GTranslate,1star,2025年3月20日,"Very junk plugin, not recommended. When you uninstall this plugin, it will hog your second-level domain name, showing that you did not pay. The links to the website we made before are not displayed properly. This is an act that damages the seller's interests. INNOCN 香港特别行政区 2年多 人在使用应用"
GTranslate,1star,2022年11月15日,"shit app, show ""402 Payment Required?"" shit app, show ""402 Payment Required?"" shit app, show ""402 Payment Required?"" Shengmilo® Official Website 中国 11个月 人在使用应用"
GTranslate,1star,2025年11月10日,Using this app from 1.8 years when the traffic increase to 13k they told me to upgrade server to 10k$ monthly package. Now our traffic generate 3 to 5k$ in sale through g translator and average profit is 600 to 800$. How can we afford 10k$ monthly server. PEAK SURGICALS 巴基斯坦 接近2年 人在使用应用
GTranslate,1star,2024年11月18日,"I asked to hide the language selector and my website, the answered the only way was to upgrade the plan. That was false since it was simply needed to add a custom line of CSS. Do not trust them, just trying to make you pay Alienation 塞浦路斯 4年多 人在使用应用"
GTranslate,1star,2024年3月5日,"La aplicación tiene muchos errores. Las tallas de S, M y L se traducen mal. Y las pantallas de pago (que es lo mas importante) no se traducen elixirclothes.com 西班牙 29天 人在使用应用"
GTranslate,1star,2023年11月22日,"It literally ruined my entire code and showed: ""translations missing"" all over the website. It was hell. This during black friday. Their support team just asked me to uninstall the app, I told them it made things worse, that I reinstalled it to address this issue. But they ignored. Me. Stay away fro"
GTranslate,1star,2024年12月12日,"bad CS, and they charged me without notify me, and I don't need the paid plan , and i was charged 19.99 and get nothing Evridwearcustom 美国 大约1个月 人在使用应用 编辑时间："
GTranslate,1star,2023年11月28日,Horrible service from MILENA. The app doesnt allow us to translate slideshow and 1 hour of fighting she says we can do it ourself instead of helping like her other colleagues do normally. Such a pain to have to fight and loose so much time Les Tissées 加拿大 大约3年 人在使用应用
GTranslate,1star,2022年3月13日,"Been using the app for a few months, there's a lot of bugs in this program, all the number in my site will turn into XNUMX , I've contacted the CS a few times , and sadly this problem cannot be fixed. The cs also mentioned that ""We know about this issue and it's in our roadmap to change the translat"
GTranslate,1star,2019年1月23日,"I tried to unistall this app, but could not. Even after deleting the app, the drop down still shows on the website. This is junk . Forsaken Motorsports 加拿大 8分钟 人在使用应用"
GTranslate,1star,2022年2月3日,"Customer service amazing before buying the app. Later when we changed the theme and need them the most to have a perfect website launch, we are waiting 6 days (and counting...) without a solution for our website. Simple task to transfer the customization from the old theme to the new one. Unbelievab"
GTranslate,1star,2020年12月6日,This is the worst translate app I have ever installed! Really hard to edit translations. Not user friendly dashboard. Mah Roc 土耳其 6天 人在使用应用
GTranslate,1star,2020年2月24日,"I don't recommend this app. Very very difficult to use, very expensive, don't work. A lot of bugs, bad user experience. Sampedrano S.A. 西班牙 25分钟 人在使用应用 编辑时间："
GTranslate,1star,2020年3月10日,"Horrible support with horrible translations for a paid app ($17.99 a month). I speak 3 languages and my wife 4, none of the languages that we finally!!! got the app to translate were even close to being acceptable. Google translate does better than this. In top of that, you have to go through a lot "
GTranslate,1star,2020年4月2日,"After months with this application ... my verdict is: ineffective service WITH HUGE ERRORS You can find that your website shows the word ""SEXTOYS"" and you don't realize it until a relative of yours tells you ... (and no, there are no sexual content products on the website) I've been with this applic"
GTranslate,1star,2020年9月10日,"I don't recommend this app. A lot of bugs, bad user experience. After we spent 2 days fixing the auto translation (which was super bad), the edits weren't saved.. Very bad customer support specially Ella and Angela. Queuecaps 卡塔尔 6天 人在使用应用 编辑时间："
GTranslate,1star,2022年6月30日,"UPDATE 4.0: There are always random parts which arent being translated by the app. Really annoying. You have to check every custom domain page by page. Also the app doesnt work with Shopify Markets UPDATE 3.0: Awesome app with initial, prolonged issues. Were just getting started to really use the ap"
GTranslate,1star,2021年3月1日,I wouldn't recommend this app for website translation solution We moved from WEGLOT to GTranslate for a more cost effective solution. The support at GTranslate haven't helped get either of our 2 sites over the line. Lots of Canonical issues & Href issues causing errors in search console. Their techn
GTranslate,1star,2021年1月7日,I tried this app FREE version and it doesn't work. The translation is completely wrong. SO it's not a free app because it works only if you pay. BYE! I said FREE version doesn't WORK. A customer can't choose this app because it's free ... it doesn't work. I trust you if a costumer pay it could work.
GTranslate,1star,2022年11月14日,"I am trying to setup the app, but find it difficult. I dont know if I shall copy and paste the code in the text box or copy and paste {% include 'gtranslate' %} this only. Sesni Mart 英国 11分钟 人在使用应用 编辑时间："
GTranslate,1star,2020年5月4日,"I really have no idea how they get to 5 stars. The auto translation is convenient but then not everything can be translated. If you use other Shopify apps like a countdown timer or pop ups, they won't translate it. You can request their developer to program it for you, which is what I did. After 2,5"
GTranslate,1star,2020年4月14日,"L'ho installata ma non traduce, traduce solo alcune parole e pure male. Peccato perchè ne parlavamo bene dai commenti Extravergine 意大利 9分钟 人在使用应用"
GTranslate,1star,2022年3月9日,"I installed the free version, unfortunately it did not work. Tested it in 3 browsers. Uninstalled the app again. Too bad. Etana Staubsaugerbeutel 德国 11分钟 人在使用应用"
GTranslate,1star,2022年11月28日,They keep charging me even though I uninstalled the app and I have no idea how to turn it off ! The process should be simpler as small business owner do not have time to deal with this. Bloire 加拿大 4个月 人在使用应用
GTranslate,1star,2022年4月30日,Doesn't support domain sub folder configuration and we must use sub domain so that it works. Not optimized for SEO. VAPEVO 法国 4分钟 人在使用应用 编辑时间：
GTranslate,1star,2022年3月26日,"Unfortunely I must change my previous Review. the app stopped to work correctly a week ago, there is a great caos on my website at this moment: all the subdomains are offline, all the subdomains redirect on the italian checkout pages and not on the correct subdomains checkout and, MOST IMPORTANT, i "
GTranslate,1star,2025年10月13日,not for me stardomo 丹麦 24分钟 人在使用应用
GTranslate,1star,2026年3月31日,Kanama 英国 2年多 人在使用应用 上一页 1 2 3
GTranslate,2star,2022年4月15日,"Online customer service ASHKHEN is helpful, but the app is not that user friendly...lots of bugs that users cannot even edit by themselves... WUD Furniture 香港特别行政区 2天 人在使用应用 编辑时间："
GTranslate,2star,2019年8月16日,"I used the apps for few weeks. The app has a bug with the checkout page. I wanted to get the checkout page to match the language of the site, with no success. For example, I wanted a French checkout page for a French website, and an English checkout page for the English website, but GTranslate faile"
GTranslate,2star,2022年6月25日,"app performance decent, but like every other app you might have to work on improving some translations but if you need help with that good look finding a rep that is actually willing to help you and not just send you articles, not even mentioning that they take longer to answer than any other app i "
GTranslate,2star,2023年6月1日,"Manual customization removed, the whole code is now messed up, therefore the upper part of our website, and now we need to to contact support do to any change... that what we were able to do ourselves a couple of months ago. Gaudifond 西班牙 10个月 人在使用应用"
GTranslate,2star,2024年10月15日,"I was not satisfied with the app. Despite trying countless times over the years to find solutions to make it work for us, it has always been a struggle. The support is cumbersome and only partially helpful. They don’t fully engage with solving the issue. The most they do is send follow-up emails, bu"
GTranslate,2star,2024年5月11日,First impression is that the translation needs to be adjusted a lot. So far not very happy with the result. The agent I talked to (Vahan) about a technical problem was very helpfull and fixed my tecnical issue. Chef Mallows 荷兰 大约21小时 人在使用应用
GTranslate,2star,2018年12月18日,"Not translating right. After I have uninstall this app, it was not properly removed, do not install it! eXtreme 120+™ Skydiving Apparel 美国 8分钟 人在使用应用"
GTranslate,3star,2024年8月18日,The app is good but when you get other apps/widgets that need translation it may take weeks for them to translate it. They are not open for support in the weekends either. Support is fast though but not always the solution. TrendBlend 荷兰 6个月 人在使用应用 编辑时间：
GTranslate,3star,2024年7月30日,"The apps works, but not on all fronts. It doesn't (automatically) translate reviews from the Yotpo app (like with the rest of the site) via the ''Auto switch to browser language'' function. Only when you refresh the page or reselect the country flag. Also this Yotpo app review text is not a fixed co"
GTranslate,3star,2019年9月21日,"Doesn't translate cart info either emails. Translation not very good, i got better results directly on google translate. Have to edit every page. Widget doesn't look good (low res) on web site. François Lambert 加拿大 3天 人在使用应用 编辑时间："
GTranslate,3star,2020年4月14日,"Ella, Suzan, Sergey and Lilit did a fantastic job. Very quick response and amazing effectiveness. You feel yourself very well guided in that ""tricky"" translation-tool. MoroccanHome 西班牙 3个月 人在使用应用"
GTranslate,3star,2020年9月18日,I dient have the best experience with the app itself but ELLE from support really helped me for hours to bring it to an acceptable state. Thank you very much Elle and sorry for taking so much of your time :) El Capitan Brand 西班牙 5天 人在使用应用
GTranslate,3star,2021年2月9日,"I would say that I didn't like the fact the widget is not easy to place on the homepage, unfortunately. Also, I didn't like the fact that I couldn't have the english canadian and french canadian languages. For the overall experience, this app is quite easy to use and to install! Thank you and have a"
GTranslate,3star,2021年3月11日,Great customer service by Lilit whom offered to help me with the setup. A quick and easy job for her. Good communication and quick reply. VAGPWR 挪威 8天 人在使用应用
GTranslate,3star,2025年2月26日,"Thanks to Grikor, best of the best Tennis Giant 加拿大 3年多 人在使用应用"

=== Hextom AI (64 reviews) ===
Hextom AI,1star,2026年7月21日,"Be very careful before using this app for free or paid plan (No Matter what) I upgraded my plan because I urgently needed more translation capacity. After paying, I found out that the new plan's credits would not be available until the next billing cycle. This was not clearly communicated before the"
Hextom AI,1star,2026年5月1日,"Absolutly don't take this app !!! I do translate (with IA) the website, everything where good, until they (WITHOUT OUR PERMISSION) rolled back completly the URL translation. Our website is currently under 404 for all our market, and they absolutly don't care. We are currently taking legal action. YV"
Hextom AI,1star,2026年5月8日,MESSED UP THE CODE Everenci 立陶宛 大约2小时 人在使用应用
Hextom AI,1star,2024年8月27日,"I have been a seller for three years, and this is my first time writing a review, as well as my first time giving a negative one. I strongly suspect that this plugin's AI translation is overcharging. Today, I clearly had a quota of over 10,000 words remaining, but suddenly, I was informed that I exc"
Hextom AI,1star,2024年9月16日,"Thank you for your feedback, and we’re truly sorry for any inconvenience this has caused. We’ve reached out a few times to clarify the issue, but we haven’t heard back yet. ... 显示详细信息"
Hextom AI,1star,2024年7月30日,"I am sorry to give only 1 star, but I really had bad experience with is App and also from the support team. The App translated our brand name to NOT or NON into different language, when I contacted the support team, they sent me the same mistake from screen cut of Google translater, BUT when I check"
Hextom AI,1star,2024年8月30日,"Hello, We apologize for the inconvenience. The incorrect translation was due to the ""Basic Translation"" feature used in your store. This issue won’t occur with our ""Advanced ... 显示详细信息"
Hextom AI,1star,2024年7月3日,Very bad. Customer service often doesn't respond. And it crashes easily goelia1995dev 澳大利亚 大约1个月 人在使用应用 编辑时间：
Hextom AI,1star,2023年5月15日,This is the worst experience ever! Mandatory rating to use the free version! And the translation of the free version doesn't work at all SOMIY 英国 大约2小时 人在使用应用 编辑时间：
Hextom AI,1star,2025年12月2日,"You buy credit and they will make them disappear and play dump for you to buy again , if you count what you pay for you will see the scam in this app Pay for a plan and then not have the monthly limit until 1.5 month later , so you pay 1.5 -2 months worth of limits to get half what you pay for Daily"
Hextom AI,1star,2025年8月27日,"Unfortunately, our experience with Hextom has been very disappointing for the following reasons: 1. Support System: In 2025, every serious SaaS uses a proper helpdesk with ticket numbers, categories, and agent assignment/shift handover. Hextom still does not — issues get lost or repeated endlessly, "
Hextom AI,1star,2025年11月6日,"Thank you for your detailed feedback. We're sorry to hear about your experience and truly appreciate you sharing these points. Points 1, 3, and 4 have already been released ... 显示详细信息"
Hextom AI,1star,2024年10月17日,"I was disappointed with the support I received. They didn’t assist me in installing the selector on the mobile version of the menu, and they didn’t even send a collaborator request to help with the widget installation. Unfortunately, I think it's time to explore other app options. LARIETTE 罗马尼亚 4天 人"
Hextom AI,1star,2024年10月7日,I test your app and all my store was compromised because of your app. My previous languages was deleted after I did that from the app. Don t recommend. Also email support is very slow. Cumpar Sigur 罗马尼亚 8天 人在使用应用
Hextom AI,1star,2024年8月17日,"We’ve been long-time users of several Hextom apps and have always appreciated the quality and reliability they bring to our business. Unfortunately, our experience with the Hextom: Translate and Currency app has been quite disappointing. On our larger site, the app has consistently failed to functio"
Hextom AI,1star,2024年9月16日,"Thank you for sharing your feedback, and we're truly sorry for any inconvenience this may have caused. The issue might be related to your store's market-based regional ... 显示详细信息 编辑时间："
Hextom AI,1star,2025年7月24日,"Update: when you purchase extra words, you don't get them. The app is not working properly, contacting support is only agitating. App is working pretty good, works well with the Taiga theme. But the translate AI is horrible, 50% of lines is wrong and it randomly doesn't translate bits of text at all"
Hextom AI,1star,2024年5月9日,The RIDICULOUS translation quality of this app ruined our entire website and credibility and really damaged our brand. We are considering further legal steps against these amateurs! YouGuide 英国 3天 人在使用应用
Hextom AI,1star,2024年5月1日,"This app is not ready for prime time, its full of bugs and the visual translator really screws things up and seems to over ride the shopify translate and adapt and makes a total mess. Hard to get support also. The AI translation quality is pretty good though, but once that is complete I cant see val"
Hextom AI,1star,2024年5月15日,"Hello FOLIGAIN EU, We apologize for any difficulties you may have experienced while using our app.We have reached out to you via email to gather more details about the issues ... 显示详细信息"
Hextom AI,1star,2024年1月26日,"It translated our URL slugs even though we don't want to, there's no option to deselect URL slugs, which caused a big mess and a lot of broken links that we needed to search for and fix manually. Their support is an absolute disappointment, we are trying to reach them for a week and all we get is a "
Hextom AI,1star,2023年9月6日,"This is not a useful app. The automatic translation is all or nothing, including archived / obsolete products, URL handles so your links break, etc. There is no way so choose what you want and don't want translated without a very tedious manual process. Choose something else... EMF Harmony 美国 2个月 人在"
Hextom AI,1star,2023年8月24日,Terrible app. It does not help you add any Hreflang and Canonical Tags onto the translated content. Signed up the highest plan and paid for content translation by words for 8+ languages and get panelized for duplicated content by Google. When you find out your SEO performance dropped it is late. We 
Hextom AI,1star,2024年5月10日,"Update after 3 years: I am so done with this app. Especially the ""Manual Translation Part"" Prepare for ""something wrong while saving the translation, please try again later""-errors all the time. I have no interest anymore in working with the app's support team, because next time I need to work with "
Hextom AI,1star,2025年8月30日,It's a joke everything is forcing you to pay SecretsOfTea 美国 12分钟 人在使用应用 Hextom
Hextom AI,1star,2025年11月6日,"We're sorry to hear that the app did not meet your expectations and that you felt pressured to upgrade. For clarification, our free plan includes a variety of features, and ... 显示详细信息 上一页 1 2 3 4 下一页"
Hextom AI,1star,2024年2月1日,"Unfortunately the translate feature is awful, totally destroyed my precise translation made by Translate & Adapt app. Thank you for losing hours of my time. WHOSE 波兰 21分钟 人在使用应用"
Hextom AI,1star,2023年6月28日,"Abbiamo avuto esperienze con diverse App, e se tenete veramente al vostro business, questa è la prima a dover evitare. Piena di Bug che si intrecciano fra loro. In tutto questo l'assistenza non è mai online e ti risponde dopo giorni. Quindi per poter risolvere le problematiche i tempi diventano pres"
Hextom AI,1star,2023年3月14日,"TRANSLATION ERROR IN THE BANNER ALL THE TIME! A TRANSLATION FROM LAST MONTH ABOUT AN ALREADY PAST PROMOTION SUDDENLY APPEARS IN THE TOP BANNER Of all the opinions that I have been able to provide about applications, this is going to be the first about the poor Customer Service... I explain to him th"
Hextom AI,1star,2023年2月12日,"BAD! Never work with this. Photos on different pages do not sync. Everything is translated incorrectly. Their answer there is a bug in it. Weeks later, still nothing has changed. How unprofessional you come across al brand. You pay so much money monthly for an app that doesn't work. leselles 比利时 4个月"
Hextom AI,1star,2023年2月24日,Thank you for your feedback. The described issue was not caused by our app. Our app requires users to provide new image translations when you update your images. It does not ... 显示详细信息
Hextom AI,1star,2021年12月24日,"Tired of this app and their extremely slow support, if i had the time to translate my store with another app i would do it in a blink. I have to fix everything myself with this app, however their HTML editor is total garbage, can't even paste the HTML code by one of my products into it, formatting i"
Hextom AI,1star,2021年11月25日,"It's not even one star, but more like -5 stars. I found and installed this app last week. App stopped after 1000 free words telling me to buy more. It's OK, but the description says that you can have 20000 as a first time user bonus. I asked support to fix this, but got an answer that I already used"
Hextom AI,1star,2021年2月18日,ASSISTANCE IS SIMPLY INDECENT. I wrote the first time 2 weeks ago because I have very annoying problem with translation of shop policy pages (the app translate only half of the text despite refresh). They answer me to send them the link of the page in order to fix my problem (and I did it) and then 
Hextom AI,1star,2021年2月12日,"Hi, we have replied the email 3 days ago, but did not receive any response from you. We have already sent another email, and waiting for you response. Can you please check ... 显示详细信息"
Hextom AI,1star,2020年3月24日,"Payed for the prodcuts, but there isn´t any translation. Payed for nothing. Don´t know why there are good reviews. DE to Finnish Finnland MAWA 芬兰 大约24小时 人在使用应用 Hextom"
Hextom AI,1star,2020年3月25日,"Hi, your website is password protected, so we can not see the translation results. We have sent emails to learn more about the potential issue you have experienced, but have ... 显示详细信息"
Hextom AI,1star,2025年12月13日,Poor app and slow support. Do not recommend! Matchatori 瑞典 16天 人在使用应用
Hextom AI,1star,2024年4月11日,"A program that looks like shit, rubbish OOLACTIVE 香港特别行政区 2天 人在使用应用 上一页 1 2 3 4 下一页"
Hextom AI,1star,2024年4月7日,"totally trash, useless and ruin another apps Miss Suki Wedding 香港特别行政区 25分钟 人在使用应用"
Hextom AI,1star,2024年8月14日,"Free plan limited to 5k translations. Useless, way better to use the Shopify Built app that is 100% free... Ozayti IT (Staging) 法国 17分钟 人在使用应用 Hextom"
Hextom AI,1star,2024年8月27日,Thank you for your feedback. We’re sorry to hear you feel this way. We’ve tried reaching out but haven’t received a response—please check your spam folder when you get the ... 显示详细信息
Hextom AI,1star,2023年6月7日,They ask for 5 stars review in exchange for free 3 languages. So every 5* are not that accurate just for free stuff Ultimate Gainz 荷兰 12分钟 人在使用应用
Hextom AI,1star,2020年11月17日,"Not a bad app, but the support is not-existent. I wrote an email one week ago, and I am still waiting. I am removing my subscription Napoli Caffé 瑞士 2个月 人在使用应用 编辑时间："
Hextom AI,1star,2023年5月8日,"It's terrible to use, there is no online customer service, many functions are not very smart, and I can't find the answer, and I can't solve it well after paying. Pascal Official 美国 大约16小时 人在使用应用 Hextom"
Hextom AI,1star,2023年5月15日,"Hi, We do offer online support for our app TMS, including email support and many online guides and videos. We are always happy to help new users set up our app, and any ... 显示详细信息 编辑时间："
Hextom AI,1star,2024年4月9日,"Not good at all, took hours to translate and the translations barely show up on my store. I now use another translation app and everything went 10 times quicker. Don't waste your money on this posterfashion 比利时 大约1个月 人在使用应用"
Hextom AI,1star,2022年8月11日,I used too love this app but after updating app doesnt work well anymore. Impossible to edit and set things as I want to. Omiyage From JAPAN 日本 接近2年 人在使用应用
Hextom AI,1star,2022年7月29日,"I spent almost 40 hours translating my store in June. I come back from vacation and all the translations are gone, and I see no way of getting them back. What a waste of time. Bloire 加拿大 7个月 人在使用应用"
Hextom AI,1star,2025年8月24日,ILAHUI 中国 10分钟 人在使用应用 上一页 2 3 4
Hextom AI,2star,2025年10月6日,Bardzo słabe tłumaczenie na Polski ChessboArt 波兰 大约3小时 人在使用应用 Hextom
Hextom AI,2star,2025年11月6日,Thank you for your feedback. We're sorry the Polish translation didn't meet your expectations. Our team has reached out a few times but hasn’t received a response. Please ... 显示详细信息
Hextom AI,2star,2026年3月4日,不是很好用 WCFootballSuit 台湾 大约15小时 人在使用应用
Hextom AI,2star,2025年8月12日,Q+FLOW 日本 大约2小时 人在使用应用
Hextom AI,3star,2024年12月17日,"Översätter inte allt direkt utan måste göra vissa manuella åtgärder, dock är supporten snabb och ger bra hjälp och bemötande Dorre Home 瑞典 6个月 人在使用应用"
Hextom AI,3star,2021年6月12日,"Some translation parts are quite rigid, not native at all. When reading some sentences is quite obvious a translation tool was used. e.g ""Sold out"" zaeda.ro 罗马尼亚 4天 人在使用应用"
Hextom AI,3star,2022年9月5日,"Die app macht soweit einen guten Eindruck, leider muss man erst eine Zwangbewertung abgeben um die kostenlose version nutzen zu können. Safe-Shield 德国 8分钟 人在使用应用"
Hextom AI,3star,2023年9月5日,これから試すが楽しみ、Freeプランがあるのも良い OneLuck 日本 2分钟 人在使用应用
Hextom AI,3star,2025年10月2日,nA BioEm 香港特别行政区 大约5年 人在使用应用
Hextom AI,3star,2023年9月18日,hihñh jhnñjhñlnkohnhlnklhnklhnklhnkhnlkhnlkhnlkhnlkhnlkhnlkhnlkhnklhloo o lkkkjgjkgkjhkjhkjh jkh kjh kjh khkjh kjhh kjh kjh kjh kjh kjh kjh kjh kjh Hee Shoes 西班牙 1分钟 人在使用应用
Hextom AI,3star,2023年11月16日,Is there a way to add the translation widget within the content of a page? MiskiGoodFoods 加拿大 大约7小时 人在使用应用
Hextom AI,3star,2023年8月17日,Just trying this out now. Will circle back later. I was asked to give a review as soon as the app was installed. Frank Ronay 美国 1分钟 人在使用应用
Hextom AI,3star,2024年2月24日,SiYuTao Teapot 中国 1分钟 人在使用应用
Hextom AI,3star,2024年12月9日,Solid African 瑞士 5天 人在使用应用

=== LangShop (58 reviews) ===
LangShop,1star,2026年6月26日,"We are stuck with this app since way back. There are a few big problems with it. 1. For products, translation is malfunctioning. New product will get wrong info when translated (if duplicated from another product). To get around this, we have to make a new translation for all product and replace the"
LangShop,1star,2026年6月26日,"Hello, Docklandet team. Thank you for the valuable feedback, and we are sorry to hear your experience with the app has been negative. Please note that due to the fact ... 显示详细信息"
LangShop,1star,2026年5月29日,app won't work on third day straight - customer support said developers are on it but it's not fixed and no update has been provided Lifted Clothing 波兰 2天 人在使用应用 Aheadworks
LangShop,1star,2026年5月29日,"Hello, Lifted Clothing We sincerely apologize for the negative experience you had with our app. We understand that resolving the issue with language redirect took longer than ... 显示详细信息"
LangShop,1star,2026年3月20日,The number of glossary rules is too low for the most plans. You have to pay $500 a month to get unlimited Stoy 丹麦 13天 人在使用应用 Aheadworks
LangShop,1star,2026年3月20日,"Hello, Dear Stoy! Thank you for your feedback on Glossary feature! We understand that glossary rules can be an important part of managing translations effectively and we are ... 显示详细信息"
LangShop,1star,2026年1月25日,The switcher is not fit for any shop. It's ugly and not in line with a premium shop. The translation is literal. It must be done manual. A lot of items not translated or partially translated. Many translation failed and I had to do a lot of manual work. Not to mention the support. It has been absolu
LangShop,1star,2026年1月25日,"Hello PurrEmbassy, We're really sorry to hear about your negative experience. We would like to clarify that by sharing the guide link we intended to provide step-by-step ... 显示详细信息"
LangShop,1star,2025年12月6日,"I have totally no idea why it has 4.6 points. To everyone who is considering this app, I will NEVER recomend you to use it because you will get nothing except regrets. 1. It does not update automatically. When a copy on a certain place is updated, you need to go to Lang shop to translate or click ""t"
LangShop,1star,2025年12月6日,"Hi SOU・SOU netshop, Thank you for taking the time to share such detailed feedback. We’re truly sorry to hear about your experience and that our app has not met your ... 显示详细信息 编辑时间："
LangShop,1star,2022年6月29日,"This software is quite expensive but the service is poor. most cases no working well and answers always like machine, you have to spend a lot time to learn and ask and wait by yourself. Daytrends 香港特别行政区 接近2年 人在使用应用 Aheadworks"
LangShop,1star,2022年6月30日,"Hi Daytrends store admin, Thanks for sharing your feedback! It's really sad to know that you had a negative experience with our application and service. We apologize that our ... 显示详细信息"
LangShop,1star,2025年11月9日,Very unhappy with this app right now for three reasons: 1) Many translations failed in the last 17 days (probably more but I do not see older tasks!!!) and I never noticed because the app does not let you know. User experience -1000. Our customer happines also -1000. 2) I have been using langshop fo
LangShop,1star,2025年11月9日,"Hi BINS AND BOXES, Thank you for sharing your detailed feedback. We’re sorry to hear about your experience and truly understand your frustration. We appreciate the chance to ... 显示详细信息"
LangShop,1star,2025年11月5日,"Not a good app at all !! Langshop create multiple redirections for each language. After 1 month of using , i have got more than 13000 redirects and more than 6500 404 pages because of Langshop. Langshop is not made for SEO ! Technically it works, but your site will have HUDGE problems in terms of SE"
LangShop,1star,2025年11月5日,"Hi there, Misciano Thank you for taking the time to share your feedback — we’re truly sorry to hear about your experience. We’d like to clarify that LangShop itself does not ... 显示详细信息"
LangShop,1star,2025年10月16日,"The app is very bad for translations. Many many mistakes and they always will tell you that they are not in charge. Same with their ""Glossary"" as a converting service. It doesn't work at all. I wasted a whole year to tell them to fix the bad translations and all they do is to change the text manuall"
LangShop,1star,2025年10月16日,"Dea rלובן מור , We’re sorry to hear that you feel this way, but we would like to clarify several important points. All translations in LangShop are performed by integrated ... 显示详细信息"
LangShop,1star,2025年7月25日,"Absolutely Terrible Service — Don’t Waste Your Time or Money! This app has been a complete nightmare. We’ve been reporting a critical bug for over THREE MONTHS with ZERO resolution. Despite paying a premium price, the issue still persists and is wrecking our website, reputation, and sales. Support i"
LangShop,1star,2025年7月26日,"Hello welzo, Thank you for taking the time to share your experience. We are truly sorry you’ve been dealing with 500 Internal Server Error and understand how critical a fully ... 显示详细信息 1 2 下一页"
LangShop,1star,2025年5月18日,Used to be Great — Now Ruined by Greedy Pricing Changes This app was easy to use and worked well — until they completely overhauled the pricing plans. The new plans are overpriced and offer less value. It’s frustrating to see a good app go down this path just to squeeze more money out of loyal users
LangShop,1star,2025年5月19日,Hello Productkeys-uk Thank you for sharing your feedback and experience with LangShop. We're sorry to hear that you are disappointed with the recent changes to our pricing ... 显示详细信息
LangShop,1star,2025年5月15日,"Everything is nice about this app except for 1 thing: in the event of a malfunction or problem, everything is initially forwarded to Shopify, but if the problem turns out to be with them, it has to be sent to the dev team and you don't hear anything anymore. webshop crosses all languages ​​​​and all"
LangShop,1star,2024年11月17日,***STAY AWAY*** IF you pay $34 per month they will try to solve your issues. When I decided to go for the basic plan as I din't need to spent so much and by mistake i changed the language switcher to the default option i couldn't even make it smaller. I didn't ask for any other changes apart from th
LangShop,1star,2024年11月18日,Hello ROUTE 67! We are very sorry that you've had bad experience using our app and would like to find a solution for you We've tried to get in touch with you about this issue ... 显示详细信息 编辑时间：
LangShop,1star,2025年7月24日,"Unfortunately I had to change my 5 stars rating to one, because for the last week the app is completely useless as it will not translate more that a few products at a time and in just one language when using Open AI. The development team repeatedly and falsely claimed to have found a fix. The issue "
LangShop,1star,2023年3月3日,Hello! Thank you very much for such words! It means a lot for us and helps us to improve our app! We hope that you will get only positive emotions from using our application. ... 显示详细信息 编辑时间：
LangShop,1star,2021年11月30日,I have not had a good experience with this application and therefore do not recommend it. After uninstalling it is not possible to delete the code that the app adds to the store template. The solution they offer me is that I contact the team responsible for the development of the template so that th
LangShop,1star,2022年6月30日,"Hi Paleobull, Thank you for the feedback! We always aim to deliver a great experience, and we are gutted when we don’t meet expectations. Thanks for taking the time to bring ... 显示详细信息 编辑时间："
LangShop,1star,2023年7月29日,"*** UPDATE : They say that their customer service is available 24/7, but since I've left this review, they've removed any chat/support contact button from my account, as revenge. Considering the fact that you cannot do any change without the help of customer service, based on this non-user friendly "
LangShop,1star,2022年11月21日,Hello Koop Team. Our team is really sorry to hear about your experience and that you were let down by our app. We sincerely regret that this trouble made you doubt the ... 显示详细信息
LangShop,1star,2022年8月3日,"Very little support. The translations to spanish were poor and we had too many edits that it wasn't worthwhile. Moreoever, once we deleted the app, it screwed up checkout of many of our products. They were unable to provide a full uninstall and told us to hire a web developer to fix their broken app"
LangShop,1star,2022年8月17日,Hi bighammerwines.com team ! We are very sorry that you have bad experience while using our application. Please note that our app offers different ways to translate the ... 显示详细信息
LangShop,1star,2022年2月10日,The upgrade to Version 2 has been a total disaster for us. We can no longer use our export/import app Matixify. Trying to download our products using their export/import feature and it is estimating it will take at least 48 days to complete. So far it has been running for 4 days. We now have to get 
LangShop,1star,2022年2月17日,"Hello! We've tried to contact you regarding the issue, but didn't get a response, Could you please check our e-mail and let us know about your decision? Thank you in advance!"
LangShop,1star,2020年5月20日,"Very bad experience, as after installing the app, customer support asked for staff account to see why the new version is not working, but i found later that a change in the HTML code of the original theme took place, so when i uninstall their app, i found the original theme text is completely flippe"
LangShop,1star,2020年5月21日,Hello. Thank you for your review. We are really sorry to hear that you had such a negative experience with the app. I'm sure our support team would have sorted out the ... 显示详细信息 编辑时间：
LangShop,1star,2025年6月10日,"I was offered 1 YEAR of free subscription in exchange for changing my review. However, after a long and frustrating communication with the LangShop team, it became clear that they do not truly understand the real issues I’m facing. The app practically doesn’t work properly or doesn’t work at all. Au"
LangShop,1star,2025年5月17日,Thank you for taking the time to share your detailed feedback — we truly appreciate it. We're very sorry to hear about your experience. We understand how frustrating it must ... 显示详细信息 上一页 1 2
LangShop,2star,2026年6月28日,"The app translations were poor at the beginning, until the AI store context feature was implemented. After that, the translations were perfect for around 8–9 months. Now, the translations sometimes work as expected and sometimes they don’t. This is mostly the case with metafield translations — they "
LangShop,2star,2026年6月29日,"Hello, GPerformance, We are very sorry to hear that your recent experience with our app has been negative. We completely understand how frustrating this must be for you. We ... 显示详细信息"
LangShop,2star,2026年3月27日,3年以上使用しています。操作のやり方や簡易な質問には早急に答えてくれて助かっています。 一方、アプリの不具合が多い。 1)「翻訳していないファイル」や「翻訳が中途になっているファイル」を選んでも、正しく表示されない。 2)作ったページのレイアウトが完全に崩壊します。これが一番の問題です。何度も発生しています。 3)問題があると開発に報告が行きますが、対処対応がとても遅い。問題のアプリを書きし続けることに疑問を感じています。 4)翻訳にはDeepLを使用していますが、翻訳内容としては問題ない。しかしレイアウトが壊されたとき標準の翻訳を使うと問題がない。非力な標準翻訳ではほぼ使えません。 5)他の
LangShop,2star,2026年3月28日,"Hello, TC楽器 - TCGAKKI team! Thank you for your valuable feedback! We are glad our support team was able to quickly reply to your inquiries. And we are sorry to hear about ... 显示详细信息"
LangShop,2star,2025年7月28日,Actually a useful tool – unfortunately with bugs: - Meta fields were translated even though they were classified as “untranslatable.” - These can no longer be cleaned up in the tool. - Support was contacted five times about this. They have not yet been able to resolve the issue. - The backend softwa
LangShop,2star,2025年8月3日,Hi WeBü Office AG team! Thank you for your detailed feedback — we truly appreciate you taking the time to outline these issues. Please let me inform you that we’re aware of ... 显示详细信息
LangShop,2star,2022年6月9日,"Auto Translate makes my site stupid, this app might be cool for general stores with little porduct variants , but for stupid for specialized industries Bang Bang Airsoft 香港特别行政区 大约2年 人在使用应用 Aheadworks"
LangShop,2star,2022年6月30日,Hi! So sorry you haven't taken a moment to shoot us a message. We have several options for translations starting from default drivers and going up to Pro translations and ... 显示详细信息
LangShop,3star,2026年1月13日,I have missing part of page translations. And it's not clear when my issue will be resolved. Everything used to work up until past year. But apparently not anymore. le Thé Chic 法国 接近7年 人在使用应用 Aheadworks
LangShop,3star,2026年1月13日,Hello le Thé Chic team Thank you for your honest review. We understand your disappointment and value your feedback. Please let me assure you that the dev team is working on ... 显示详细信息 编辑时间：
LangShop,3star,2025年11月30日,"After 9 months of use: A good translation app, easy to use, with very helpful support. Unfortunately, there have been no major updates, and the pricing plans have skyrocketed. GYMMARKT® 奥地利 11个月 人在使用应用 Aheadworks"
LangShop,3star,2025年2月19日,Hi GYMMARKT Team! Thank you for taking the time to share your feedback! We're glad to hear that you find the app easy to use and that our support team has been helpful. We’re ... 显示详细信息
LangShop,3star,2022年3月24日,"goof for general stores, for more specialized industries, Glossary rule makes AI like an idiot...................................... WGCShop 香港特别行政区 15天 人在使用应用"
LangShop,3star,2022年7月12日,Doesn't translate right. Too expensive. Had to translate most of the words by myself. If you want a professional translation you have to pay more. The app could be a little more cheaper. OVERcoat 日本 2个月 人在使用应用 Aheadworks
LangShop,3star,2022年7月12日,"Hi OVERcoat, Thank you for the the review and sharing your opinion with us! We would like to provide you with LangShop pricing to look through all the available plans and ... 显示详细信息"
LangShop,3star,2023年2月7日,"Amazing support from the team. Issues are resolved quickly. I just wish that LangShop had a visual editor, then it would be really great! B&Q KSA 沙特阿拉伯 大约1个月 人在使用应用 Aheadworks"
LangShop,3star,2023年2月8日,Hi B&Q KSA! Thank you so much for your review. Every customer’s opinion matters to us as we are continually striving to improve our service. We would be even more grateful if ... 显示详细信息
LangShop,3star,2025年12月7日,Frederiksberg Møbler og Design 丹麦 1年多 人在使用应用 Aheadworks
LangShop,3star,2025年12月8日,"Hello Frederiksberg Møbler og Design Team, Thank you for taking the time to share your feedback — we truly appreciate it. Hearing from you helps us continue improving and ... 显示详细信息"

=== Langwill (84 reviews) ===
Langwill,1star,2026年6月18日,Charged in trial Period. reason reached over 30000 word transalated. you don't able to know when app will charged from you. Handicraft Trend 印度 23分钟 人在使用应用 Channelwill
Langwill,1star,2026年6月18日,"Hello Handicraft Trend, This is Nova from the Langwill Support Team at CWILL. Thank you for sharing your feedback. We sincerely apologize for the frustration caused by the ... 显示详细信息"
Langwill,1star,2024年4月8日,"This translation app is complete garbage! ! ! Using their paid plans is sooooo ridiculous. They make changes to paid plans without telling customers. Customer service won't give you a solution, I don't know why shopify still lets this kind of app stay here LBLYXIR 美国 大约1年 人在使用应用 Channelwill"
Langwill,1star,2024年4月9日,"Hello there, We're genuinely sorry to hear about your disappointing experience with our translation app. 😔 We understand the frustration of unexpected changes to paid plans ... 显示详细信息"
Langwill,1star,2025年11月21日,"Traductions catastrophiques. Par ailleurs, alors que j'étais dans une version d'essai gratuite de 3 jours, j'ai été facturé de frais d'utilisation sans avoir donné mon accord. Calves 法国 大约1小时 人在使用应用 Channelwill"
Langwill,1star,2025年11月22日,"Bonjour, Ici Nova de l'équipe d'assistance Channelwill. Nous avons récemment pris connaissance de votre avis négatif (1 étoile) et nous sommes sincèrement désolés de votre ... 显示详细信息"
Langwill,1star,2025年11月13日,"Ze vertalen het goed, app werkt OK. Alleen de tekst wordt op de server van Langwill gehouden en ze geven het niet vrij. Het is een lock in. Mijn advies: kies voor de native app van Shopify GO-OFF 荷兰 大约1个月 人在使用应用 Channelwill"
Langwill,1star,2025年11月13日,"Hallo, Dit is Kim van het Langwill Support Team. Bedankt dat u de tijd heeft genomen om uw feedback met ons te delen. Wij waarderen uw opmerkingen en begrijpen uw zorgen. We ... 显示详细信息"
Langwill,1star,2025年6月11日,"Be Careful — Unexpected Charges Despite Free Trial Offer I installed this app today hoping to try it out, as they clearly advertise a 2-day free trial and only $1 for the first month. I initially selected the Grows plan, and then switched to the Premium plan — all within 30 minutes of installation. "
Langwill,1star,2025年2月11日,"I installed the app for only 15 minutes to try it out and removed it from my store because it wasn't useful. There was a free trial and I took advantage of it. They will see for themselves that I deleted it after only 15 minutes. However, I saw that they reflected the monthly fee on my bill. This is"
Langwill,1star,2025年2月12日,"Hello there, We sincerely apologize for the inconvenience caused. After reviewing your account, we found that you had initially activated the free trial on October 17, 2024, ... 显示详细信息"
Langwill,1star,2024年2月15日,Customer service is one of the worst there is. All they do is apologize and put a lot of emojis in their messages. But in actuality they don't care and they don't fix BUGs in translations that have been caused by their application. The application is still buggy at times and has a lot of issues. Whe
Langwill,1star,2024年2月20日,"Hello There, Thank you for sharing your feedback with us. We sincerely apologize for the negative experience you've had with our customer service. Your feedback is incredibly ... 显示详细信息"
Langwill,1star,2024年2月11日,"This app is a scam, i installed the app and while i was browsing it i pressed translate to test how it works, later i talked to chat support to to ask few questions and while i was chatting with them i activated the FREE trial and within 2-3 minutes i see they charged me around $30 even though i'm o"
Langwill,1star,2024年2月20日,"Hello There, We are truly sorry to hear about your negative experience with our app. It is never our intention to cause frustration or inconvenience to our users. We take ... 显示详细信息"
Langwill,1star,2024年2月6日,"GET YOUR FINGER OFF! 24/7 support?! No way! We have been put off for over 3 weeks!!! We downloaded the app in November and were very satisfied at first. until we were horrified to discover that you can only edit 1,000 products. There was no description or anything like that anywhere. We have several"
Langwill,1star,2024年2月8日,"I'm sorry to hear about the frustrations you've experienced with our service. Your feedback is crucial to us, and we apologize for any inconvenience caused. We understand the ... 显示详细信息"
Langwill,1star,2023年12月30日,"My experience with this app has been highly disappointing. Despite opting for the highest plan, the translations provided are often outdated and incomplete for various countries. The promised auto-update feature is non-functional, forcing me to manually synchronize content daily across 20 countries."
Langwill,1star,2024年1月1日,"We sincerely apologize for the disappointment you've faced with our app. Your feedback about outdated translations and the non-functional auto-update feature is invaluable, ... 显示详细信息 1 2 3 4 下一页"
Langwill,1star,2023年9月4日,"This app only translates 1000 products, I asked the developers to increase the limits, but they just don't care about the needs of the customers. Shoptery 格鲁吉亚 17天 人在使用应用 Channelwill"
Langwill,1star,2023年9月5日,"Hello there, Thank you for sharing your feedback with us. We apologize for any inconvenience caused by the current limit on product translations. We understand that this may ... 显示详细信息"
Langwill,1star,2024年10月9日,can not translate willdesk articles Act Design Shop 荷兰 3分钟 人在使用应用 Channelwill
Langwill,1star,2024年10月10日,"Hello There, Thank you for your feedback. We want to clarify that Langwill can translate Willdesk articles. Please refer to the following article for detailed instructions on ... 显示详细信息"
Langwill,1star,2023年6月3日,"This is literally the worst app ever. We translate into Japanese and we know that the AI translations are usually wrong so we translated the entire website manually. However, since the begining of this year (2023) the app has been acting weird like there is a bug in the system or something. We manua"
Langwill,1star,2023年6月3日,"Hello there, I'm sorry to hear about your negative experience with the app. It sounds like you've been dealing with a frustrating issue for quite some time. It's ... 显示详细信息"
Langwill,1star,2021年2月15日,"the site leaves snippets all over the page when cropping it and I have not been able to solve the problem, also the language change icon remains where it had left it after removing the app Amorino Jewelry 哥伦比亚 大约1小时 人在使用应用"
Langwill,1star,2022年6月10日,This app is buggy and customer service is very slow and not very responsive. Had to remove it. Wasted a lot of time. D2D HealthCo. 加拿大 8天 人在使用应用 Channelwill
Langwill,1star,2022年6月10日,"Hello D2D HealthCo., Thank you for your valuable feedback. We're sorry to hear you had a frustrating experience, but we really appreciate you bringing this issue to our ... 显示详细信息"
Langwill,1star,2020年4月16日,I do not recommend it at all! They installed malware on my website and it was not easy to clean. I found out because of google ads warning. I do not know if it is the responsibility of the app or who but it has given me problems. ArenasJewelry 西班牙 24天 人在使用应用 Channelwill
Langwill,1star,2020年4月16日,Update: The malware issue is a false positive of Google ads for our language selector. We have updated our Translation selector. Now you need to add the code to your theme to ... 显示详细信息 编辑时间：
Langwill,1star,2021年12月26日,Inconvenient to use also seems to be not free Every time you click on the link for more credits it opens a chat window with a representative who does not quite understand what you want slazenger watches שעוני שלזינגר 以色列 36分钟 人在使用应用 Channelwill
Langwill,1star,2021年12月26日,Hello slazenger watches שעוני שלזינגר Thanks for your valuable feedback. We are truly sorry to hear about your recent experience with us. It is unfortunate to know that your ... 显示详细信息 编辑时间：
Langwill,1star,2022年6月13日,"I installed Etranslate app in Dec 2021, and if I rate Etranslate app 1 month ago, I will rate it 5 stars, because Etranslate app was very useful. Auto-translate worked well, also I can translate manual, and the auto-switch language based on geolocation made customers easier to view our site. Also, t"
Langwill,1star,2022年6月13日,"Hi Tiny Ink, We are so sorry that we didn't bring you a good user experience! There is already an agent who contacted you to solve your issue, looking forward to your reply! ... 显示详细信息"
Langwill,1star,2022年3月16日,"Lier, it will cost $2 per 10,000 words, only free for first 300k words, they only told this after you chat with them GiftInOne 香港特别行政区 大约1小时 人在使用应用 Channelwill"
Langwill,1star,2022年4月18日,"Hello GiftInOne, Thank you for your valuable feedback. We're sorry to hear you had a frustrating experience, but we really appreciate you bringing this issue to our attention ... 显示详细信息 编辑时间："
Langwill,1star,2022年3月16日,"At first I thought this was great. The look of it was good and easy to use. However, it ran out of words after translating just one language. I've been talking to customer service for over 15 minutes. They told me it was too expensive to give words because Google charges them (really? why is Google "
Langwill,1star,2022年4月18日,"Hello LOU.EARL, Thank you for your valuable feedback. We're sorry to hear you had a frustrating experience, but we really appreciate you bringing this issue to our attention. ... 显示详细信息 上一页 1 2 3 4 下一页"
Langwill,1star,2023年4月5日,"My experience is so bad i am facing an issue and i sent alot of emails to support team first they replied that this issue is not in our end you should talk to theme support team and after investigation from theme support team, i sent an email again to app team but every time i am getting the answer "
Langwill,1star,2023年4月6日,"Dear Bocan, We apologize for the inconvenience you have experienced and understand your frustration. Our support team has thoroughly investigated the issue and determined ... 显示详细信息"
Langwill,1star,2022年9月7日,A l'inverse de ce qui est dit l'application ne gere pas les avis de judgeme. En plus si vous avez des article sans variantes il affichera (et traduira) les case de variantes!!!! Donc pour les produits sans variante vous aurez quand même le selecteur de variantes qui s'affichera sur les pages traduit
Langwill,1star,2022年9月7日,"Bonjour La Magie du Naturel, Merci pour vos précieux commentaires. Nous sommes vraiment désolés d'apprendre votre récente expérience avec nous. Il est regrettable de savoir ... 显示详细信息"
Langwill,1star,2022年9月12日,The most 3rd class app ever seen on Shopify app store. The app is created just to earn money through 1st month charges i guess. This never translates complete pages and translation is only 40-50% accurate. Devshoppe 印度 15天 人在使用应用 Channelwill
Langwill,1star,2022年9月12日,"Hello Devshoppe, Thank you for your valuable feedback. We're sorry to hear you had a frustrating experience, but we really appreciate you bringing this issue to our attention ... 显示详细信息 编辑时间："
Langwill,1star,2022年10月16日,"I have just changed my review after using this app for one week with growth plan. most of the products pages was wrongly translate or partially translate. I received only promises without any action from customer service to solve these issues, however, no action by their end. The main problem, app i"
Langwill,1star,2022年10月10日,"Hello FigureArt Store, Thank you for sharing your experience with us. It is our pleasure to provide the best possible service to our valued users. We deeply apologize for the ... 显示详细信息"
Langwill,1star,2022年11月24日,"This app is completely trash; even the so-called they call AI is also useless. We found thousands of errors on our website after installing just one language. You have to solve all the errors manually, or you have to hire an expensive team of developers to solve all the errors. Their customer suppor"
Langwill,1star,2024年10月10日,垃圾 Entropy Bright 美国 1天 人在使用应用 Channelwill
Langwill,1star,2024年10月11日,亲爱的熵亮， 我希望这封邮件对您有好处。我想就您最近的评论以及您在我们的服务中遇到的问题与您联系。我真诚地感谢您的反馈，并且很遗憾听到您的体验没有达到您的期望。 我了解您在同步主页 SEO 资源时遇到了困难，我想向您保证，我们会认真对待这些问题。我们的团队在问题提出的当天就解决了该问题，但我想知道您是否仍然遇到任何问题。 对于近期更新给您带来的不 ... 显示详细信息
Langwill,1star,2024年3月27日,Don't work PURIT 意大利 13分钟 人在使用应用 Channelwill
Langwill,1star,2024年3月28日,"Hello there, I hope this message finds you well. First and foremost, I want to express our sincere gratitude for taking the time to share your thoughts and experiences with ... 显示详细信息"
Langwill,1star,2023年12月15日,not good Author 美国 大约1年 人在使用应用 Channelwill
Langwill,1star,2023年12月16日,"Hello there, Thank you for taking the time to share your feedback. We're genuinely sorry to hear that your experience fell short of your expectations, and we appreciate your ... 显示详细信息"
Langwill,1star,2023年7月17日,"This app is rubbish, I chose the 19.99 per month plan. As a result, the translation language can never be accessed, no matter how to shut down and restart, or refresh. Image translation can only translate media sources, not details pages. Asking customer service is a waste of time. They don't listen"
Langwill,1star,2023年7月18日,Thank you for bringing this issue to our attention. We apologize for the inconvenience and frustration you experienced with our translation app. We take customer feedback ... 显示详细信息
Langwill,1star,2025年10月23日,THIS APP DESTROED MY TRANSLATIONS!!!! Sweetel 塞尔维亚 11分钟 人在使用应用 Channelwill
Langwill,1star,2025年10月23日,"Hello There, Thank you for taking time sharing your feedback. This is Kim from the Langwill Support Team. We’re truly sorry to hear about your experience and the issues you’ ... 显示详细信息 上一页 1 2 3 4 下一页"
Langwill,1star,2022年7月21日,i would give a zero if possible! The app is full of bugs and conflicts. When you switch a language it changes the region to some random country. Translations get misplaced and break the design layouts. I wish I could attach screenshots of how the store designs made with pagefly were broken when swit
Langwill,1star,2022年7月21日,"Hello Mundogafas, Thank you for your valuable feedback. We're sorry to hear you had a frustrating experience, but we really appreciate you bringing this issue to our ... 显示详细信息"
Langwill,1star,2023年12月22日,"service client inutile, le glossaire ( qui m'est necesseraire) ne fonctionne pas , 2 mois a essayer de trouver une solution avec le service client , pour rien. a chaque fois je dois leur réexpliquer le problème , on me dit que l'on me recontactera sous x jours , on ne me recontacte jamais, et quand "
Langwill,1star,2023年12月23日,"Bonjour à tous, Nous nous excusons sincèrement pour la frustration et les désagréments que vous avez subis avec notre service clientèle et les problèmes que vous avez ... 显示详细信息"
Langwill,1star,2022年9月14日,"I've been writing to support for a month to fix one error, and after a month they still haven't fixed it! I pay for the Grow plan, where they offer Premium support. Disaster! AMOUR Parfums 斯洛文尼亚 26天 人在使用应用 Channelwill"
Langwill,1star,2022年9月14日,"Hello AMOUR Parfums, Thank you for your valuable feedback. We're sorry to hear you had a frustrating experience, but we really appreciate you bringing this issue to our ... 显示详细信息 编辑时间："
Langwill,1star,2022年3月24日,"It started well, but then they stopped answering the emails for weeks… Don't understand that and the app is not working, not translating anything and I don't know why. Not the auto-translation, not the manual translation… Anything. AMPERBIKE 西班牙 13天 人在使用应用 Channelwill"
Langwill,1star,2022年4月18日,"Hello AMPERBIKE, Thank you for your valuable feedback. We're sorry to hear you had a frustrating experience, but we really appreciate you bringing this issue to our attention ... 显示详细信息"
Langwill,1star,2025年11月17日,PICKBOY Music Conducting Baton Store 日本 8个月 人在使用应用 Channelwill
Langwill,1star,2025年11月17日,"Hi there, My name is Emma from Langwill Customer Support Team of Channelwill. We appreciate the time in leaving a review. We understand we might not have fulfilled your ... 显示详细信息"
Langwill,1star,2025年4月2日,Hirschbauer Baits 奥地利 接近2年 人在使用应用 Channelwill
Langwill,1star,2025年4月3日,"Dear Chris, I hope you're having a great day! We sincerely appreciate you taking the time to leave a review rating for our app. We understand that encountering issues with ... 显示详细信息 上一页 2 3 4"
Langwill,2star,2026年5月19日,"Painful to find some content that requires translation. Fast support but app has no improvements for some time now. I utilise a paid for (albeit standard) theme and when I make a change, sometimes it take a long time to find the untranslated entry. I have to paginate through pages and pages of other"
Langwill,2star,2026年5月19日,"Hello There, This is Kim from the Langwill Support Team of CWILL. 🌹 Thank you for taking the time to share your honest feedback. We truly appreciate you recognizing the ... 显示详细信息"
Langwill,2star,2025年10月9日,"Almost good, but there are always problems coming up. I currently get random symbols/words showing up on the site, which are not listed in the translations list. They just appear on the site. You cant fix it. And the support is not very rushed to fixed it since it has been a week of a random word in"
Langwill,2star,2024年1月27日,"The app is not working properly on the website, I tried to add the switcher with no luck Angelo 卡塔尔 2年多 人在使用应用 Channelwill"
Langwill,2star,2024年1月28日,Thank you for bringing this to our attention. We apologize for the inconvenience you have experienced. Our team is currently investigating the issue and working on a solution ... 显示详细信息
Langwill,2star,2023年6月7日,"The translation is not that good. Yes, I use it for now. But till I find a better solution. because if you upload an Excel file and change everything manually. High possibility that the app's translations is changed the next day. Same products, same text, different result Ultimate Gainz 荷兰 21天 人在使用应"
Langwill,2star,2023年6月7日,Thank you for your feedback about our app's translation feature. We apologize for any inconvenience caused by the inaccuracies in the translations. We understand that you are ... 显示详细信息
Langwill,3star,2026年8月2日,"First, their one-click translation feature makes translating languages ​​effortless and convenient—a capability other plugins currently lack—and it works exceptionally well. The downside is that they do not offer an API key interface; instead, you have to purchase a 30,000-character quota for $4.90."
Langwill,3star,2026年8月2日,"Hi there, Thank you for taking the time to share your feedback and for trying Langwill. We truly appreciate your kind words about our one-click translation feature. We're ... 显示详细信息 编辑时间："
Langwill,3star,2023年2月3日,"The application is easy to use to add the desired languages as well as the monetary currencies, moreover the troubleshooting service is efficient with the ETranslate team! Polocats 加拿大 2年多 人在使用应用 Channelwill"
Langwill,3star,2022年4月9日,"Bonjour Polocats, Merci de partager vos aimables paroles avec nous. Nous sommes ravis de savoir que vous êtes satisfait du service que nous offrons. Notre équipe essaie ... 显示详细信息"
Langwill,3star,2022年5月18日,"Everything went smooth for 3 days until now. I can't enter this app in my admin panel. After clicking ""Language Translate + Currency"" in my Installed apps section I see only blank fields and no notifications about what the problem is. My Console throws the folowing: [Error] Failed to load resource: "
Langwill,3star,2022年5月19日,"Hi there, We are so sorry that we didn't bring you a good user experience! Our dev has solved this issue for several hours, and thank you so much for your error details, and ... 显示详细信息"
Langwill,3star,2022年8月16日,"Good prompt customer service from Ruby to help set up app. Just installed app so need to test it out before giving a review. App covers only 1,000 products for translation, suggest that the app can be adjusted to cover only active products in future. CHOMEL 新加坡 大约12小时 人在使用应用 Channelwill"
Langwill,3star,2022年8月18日,"Hello Chomel, Thank you for bringing this to our attention and for your suggestions. We’re sorry your experience didn’t match your expectations. We will strive hard to do ... 显示详细信息"

=== Locales.ai (11 reviews) ===
Locales.ai,1star,2026年2月5日,"DANGEROUS APP Out of nowhere, my account was hit with -207,844 credits no warning, no confirmation, no hard limit, nothing. The app continued consuming credits after my balance was already exhausted, due to their own system not having a proper credit cap (which they later admitted). Support took age"
Locales.ai,1star,2026年2月3日,"Stay away from Locales.ai. Absolutely unacceptable experience. I strongly advise anyone considering Locales.ai to stay as far away as possible. We have spent over $15K USD on translations using this app, and the result has been nothing short of disastrous. There are huge, obvious bugs that cause pro"
Locales.ai,1star,2026年1月17日,"Zbyt drogo, płacisz za subskrypcje, a nie jesteś w stanie przetłumaczyć na 5 języków, bo chcą żebyś dokupił kredytów. Apexrace99 波兰 大约5小时 人在使用应用"
Locales.ai,1star,2026年1月13日,"paid basic type USD9.99/month, 5 languages can be chosed, they only can translate 1-14%， others need credit, There are 50 products in our store, they charge by words for translate, need to buy credit, If I want to translate full of our website with 5 languages, I need at least 25000000 credits, USD1"
Locales.ai,1star,2026年3月27日,Abusive billing and poor quality of CS. I don't recommend to use. Better not use. Just do not use it. Have suspicion why bad reviews are only from 2026. Krescend 波兰 7个月 人在使用应用
Locales.ai,1star,2025年11月26日,"Not working. Always fails to auto translate. Used all the credits to do the complete site translation. The very next day the auto translation failed and i need to buy more ""credits"". In my Opinion a complete scam. Paid 40€ for nothing... thanks True Organic Cosmetics 奥地利 19天 人在使用应用 编辑时间："
Locales.ai,1star,2026年2月10日,- 2.800. 000 credits Customer service non existent. no-one even bothered to answer to us after multiple tickets and emails. This is not a professional app unfortunately. Avgerinos Pharmacy 希腊 8个月 人在使用应用
Locales.ai,1star,2026年2月1日,"No customer service whatsoever, avoid this app at all costs, I do not recommend it!!! Aelia rituel 法国 1天 人在使用应用"
Locales.ai,1star,2026年1月6日,To Expensiv! Please Check the pirce first..... alpinloacker.com 奥地利 20天 人在使用应用
Locales.ai,3star,2025年8月11日,"Update: We need to add a few points while keeping our original review below. After our 1-star review, Lewis listened to our concerns and engaged with us. He acknowledged the issues and said he would work on improving the app. We also hope he will make the pricing fairer. In addition, he refunded mul"
Locales.ai,3star,2025年8月7日,Thank you for sharing your experience — we’re truly sorry it didn’t meet your expectations. Regarding the issue with manually translating Loox Review: we carefully reviewed ... 显示详细信息

=== Shopify Translate & Adapt (97 reviews) ===
Shopify Translate & Adapt,2star,2026年8月2日,"For some reason it auto translates only 2 languages. No obvious way to translate more. This is not mentioned anywhere, only when you reach the limit. Made Without 拉脱维亚 接近2年 人在使用应用"
Shopify Translate & Adapt,2star,2026年6月9日,"for the love of god, give us a tick box to stop unit conversions for measurements and actively stop translating things that have the appropriate tag no translation tags. EVERYTIME I trigger translate I'm riddled with Anxiety, that its going to mess things up AGAIN. It's so inconsistent, I never know"
Shopify Translate & Adapt,2star,2026年5月8日,"When using ""Auto-translate all"" in Translate & Adapt, all manually edited translations are overwritten without any warning or confirmation dialog. There is no way to distinguish between auto-generated and manually corrected translations before running the bulk action. This caused significant damage "
Shopify Translate & Adapt,2star,2026年5月23日,2 stars because I can only add 2 languages and pay a lot to Shopify fees on every order I sell and yearly fee and monthly fees. Crazy. The least they could do is help our conversions. Golden Tallow 美国 大约2年 人在使用应用
Shopify Translate & Adapt,2star,2026年4月15日,App is fine. What we get as a user is basic features for free. Wish the app allow unlimited number of languages rest everything is much better than third party app . Saddle Online Shop 美国 2年多 人在使用应用
Shopify Translate & Adapt,2star,2026年1月13日,"Translation from English to French is very approximative (Google Translate is really not the best!), plus a lot of punctuation and type case glitches make the app quite annoying. Another thing, when are you going to include translations for images alt text without having to upload new image files fo"
Shopify Translate & Adapt,2star,2025年12月15日,"The app works fine in terms of translation quality and the interface is simple to use. However, there is a major and poorly explained limitation that makes it very frustrating in real-world use. Shopify Translate & Adapt only allows automatic translation for two languages per store, and it counts an"
Shopify Translate & Adapt,2star,2025年6月12日,"Certaines fonctionnalités sont agréables. Pour de petits sites, c'est intéressant. Par contre, pour de plus gros, il y a trop de corrections nécessaires. Par exemple, le signe & reste en code HTML et affiche &. Cette situation est assez problématique. GROUPE MORTIER 加拿大 6个月 人在使用应用"
Shopify Translate & Adapt,2star,2025年5月2日,"I was told by the Theme developer that the Translate & Adapt app was necessary to provide a second language (Japanese) to my store, thus installed it. While I appreciate the effort to streamline the translation process and find the search functionality to be indispensable, the automatic translations"
Shopify Translate & Adapt,2star,2025年5月3日,"Thanks for trying out the app. A few things in response: - It's not possible to overwrite manual translations with auto-translations. Check your previous theme, it's most ... 显示详细信息"
Shopify Translate & Adapt,2star,2025年3月17日,It was working fine but at some point it completely stopped taking the right references but using for all products the same info. Support could only tell me to manually translate the references or use another app. It is unknown what the bug is due to and if it is fixable De Giorgi Gioielli 瑞士 大约1年 人
Shopify Translate & Adapt,2star,2025年3月7日,"We had already translated our shops main language and ALL tags, labels e.t.c but apparently we can no longer edit this directly in shopify but have to rely on an app that makes this an impossible operation. The app becomes completely useless when it can't translate, or should i say, change the refer"
Shopify Translate & Adapt,2star,2024年11月22日,"Eine Zeit lang ganz gut, wenn auch im Basic Plan nur 2 Sprachen automatisch. Neuerdings gibt es aber keine Übersetzungen mehr. Ein Update konnten wir noch nicht finden. Wir suchen den Fehler. Hat jemand eine Idee dazu? Danke vorab und Grüße Imperial Fishing GmbH 德国 大约2年 人在使用应用"
Shopify Translate & Adapt,2star,2024年10月31日,"I found the following issue with the translation tool: The translation tool doesn't maintain proper spacing when carrying over bold formatting from German to English Example: German (correct): ""...aus Bio-Aloe Vera und..."" English (incorrect): ""...oforganic aloe veraand..."" English (should be): ""..."
Shopify Translate & Adapt,2star,2024年8月9日,"Rapide et efficace mais il ne prends pas en charge les URL. Donc le rendu ne fais pas du tout professionnel. Edit en réponse à votre réponse : j'ai 700 produits j'ai autre chose à faire que de renommer les URL une par une , sinon je ne prendrais pas d'App de traduction AUTOMATIQUE. Alice Jewels Fami"
Shopify Translate & Adapt,2star,2024年8月9日,Translate & Adapt has the ability to translate URLs. See this video to understand how https://youtu.be/1oXLydxjgS8
Shopify Translate & Adapt,2star,2024年5月31日,"Even if you translate manually it does NOT makes any changes, it stays has the App has translated. Plus there is not any possibility to ""lock"" words that you don't want to be translated. abiaakha 瑞士 13天 人在使用应用 Shopify"
Shopify Translate & Adapt,2star,2024年6月20日,"Hi there, we've reached out via email to try and help!"
Shopify Translate & Adapt,2star,2024年1月18日,"I used the translation app to translate my shop into both English and German. Initially, I was pleased that two languages were offered for free. Unfortunately, only a portion of my website was automatically translated, and all products and pages were omitted. Additionally, I discovered some translat"
Shopify Translate & Adapt,2star,2024年2月11日,"Nach ca. 2 Dutzend mal laden, scheint es zu funktionieren. Schade dass man Änderungen nicht direkt einfügen kann, sondern diese im Produkt direkt machen muss, bevor eine Übersetzung erfolgt. Und die Frage die sich mir noch stellt ist, ob die rechtlichen Texte (z.b. AGB) so übersetzt werden dass dies"
Shopify Translate & Adapt,2star,2024年1月16日,"Hi, we have emailed, please be in touch"
Shopify Translate & Adapt,2star,2023年10月6日,"hello, I cannot use the application, when I want to add a language, when I want to add a language, the option to add translation appears, when I press it and direct it to the application, it does not open, it stays on the white screen. Respirocare 瑞士 4个月 人在使用应用 Shopify"
Shopify Translate & Adapt,2star,2023年12月21日,"Hi there, we'll be in touch 编辑时间："
Shopify Translate & Adapt,2star,2025年11月25日,"Title: Translate & Adapt does not delete old translations — breaks multilingual content Review body : There is a serious issue with Shopify’s Translate & Adapt system. Even after deleting a language from the Languages panel, old translations are still stored and reappear automatically when the same "
Shopify Translate & Adapt,2star,2023年7月28日,"not good if you want your store to have good translation I could not fix translation of main menu, collections, products etc. USA Apteka 美国 4天 人在使用应用 Shopify"
Shopify Translate & Adapt,2star,2023年7月29日,"Hi there, thanks for trying out the app. Can you please drop us a note to localization-product-team@shopify.com - all of those the things you mention can be edited. Thanks 上一页 1 2 3 4 下一页"
Shopify Translate & Adapt,2star,2025年12月29日,"Nur 2 Sprachen möglich. Seit langer Zeit steht ""weitere Sprachen folgen"". loveiu.ch 瑞士 大约3年 人在使用应用"
Shopify Translate & Adapt,2star,2026年4月23日,facing issue regarding some content not translated when you revert us please also revert on below mails bstteam120@gmail.com tech@betasofttechnology.com Oriali Firenze 意大利 9个月 人在使用应用
Shopify Translate & Adapt,2star,2025年9月20日,"not good, do not translate all in store, a lot of bugs Nicohub 泰国 5天 人在使用应用"
Shopify Translate & Adapt,2star,2024年12月13日,2 stars = 2 languages. Please don't limit us like this. Faronics Cloud 阿拉伯联合酋长国 4个月 人在使用应用
Shopify Translate & Adapt,2star,2024年1月24日,Works good but there is no way to adapt strings in the default language for all markets. OSSO 德国 大约1个月 人在使用应用 Shopify
Shopify Translate & Adapt,2star,2024年1月26日,"Hi there, please be in touch at localization-product-team@shopify.com. Translate & Adapt can adapt the default language by market, for example if your default language were ... 显示详细信息 编辑时间："
Shopify Translate & Adapt,2star,2023年4月13日,"Shopify support can be amusing. Every once in a while, you will come across a gem of a support person. This time was not the case. First, Rona passed the buck by asking me to go through a verification process. Understand that to open a ticket, you have to verify yourself. Only then can you open a ti"
Shopify Translate & Adapt,2star,2023年4月13日,"Sorry you had a bad support experience here, I read the notes. This is the product team: on the issue of not translating / inconsistently translating product titles, looking ... 显示详细信息"
Shopify Translate & Adapt,2star,2025年11月3日,"Umständlich zu nutzen, minimalistisch 4pets Onlineshop 德国 12个月 人在使用应用"
Shopify Translate & Adapt,2star,2025年9月8日,I'd love it if we can use this to translate more languages Winchmax 英国 大约1年 人在使用应用
Shopify Translate & Adapt,2star,2024年3月26日,requiero un correo de soporte por algunas dudas que tengo de la integración con shopify Galeria 1505 美国 12天 人在使用应用 Shopify
Shopify Translate & Adapt,2star,2024年6月20日,We've reached out over email. Looking forward to helping!
Shopify Translate & Adapt,2star,2026年7月9日,"Ich wollte diese App wirklich mögen, leider ist die automatische Übersetzung für einen professionellen Shopify-Shop jedoch nicht zuverlässig genug. Das grösste Problem ist, dass die App teilweise nicht den Originaltext übersetzt, sondern Inhalte eines völlig anderen Produkts einfügt. So wurde beispi"
Shopify Translate & Adapt,2star,2024年7月26日,I gave a two because you can only have two languages allowed. Not user friendly. And doesn’t bulk translate like it should. Seeking another app Vela Lash Bar 美国 大约1个月 人在使用应用
Shopify Translate & Adapt,2star,2026年1月22日,traduzioni non precise Loopy Clay 意大利 大约1年 人在使用应用
Shopify Translate & Adapt,2star,2025年8月7日,MAXIMILIAN EUROPE 西班牙 4个月 人在使用应用
Shopify Translate & Adapt,2star,2026年3月29日,כל הזכויות שמורות-קאר-קליק 以色列 3天 人在使用应用 上一页 2 3 4
Shopify Translate & Adapt,3star,2026年3月31日,"Les traductions sont à peu près bien, mais pas tout beaucoup de texte mal traduit. ça fait l'affaire pour un site débutant MYN CLOTHES 西班牙 12个月 人在使用应用"
Shopify Translate & Adapt,3star,2026年2月8日,"Works okay but when using subdomains (like .com/en-fr or /en-de, there are SEO issues with cannibalisation. Google, and bing show warning and issues. I don't really have the budget to translate well enough to warrant forcing German or French translation only, because it may be inaccurate. One day I "
Shopify Translate & Adapt,3star,2026年2月20日,"that app need an exemtion list to be perfect, it is abnormal that this is translating the name of the products SAKnife 法国 5个月 人在使用应用"
Shopify Translate & Adapt,3star,2025年12月7日,"Still waiting for the ability to manage product images, edit image url (wihtout changing image), edit ALT-text and so on. These are basic features in an international e-commerce that should have been in place several years ago. Furthermore, it means more images need to be uploaded to their servers w"
Shopify Translate & Adapt,3star,2024年1月5日,"It is good, but why only two language automatic translations? We can even pay to have more languages! VAXLAMP 香港特别行政区 7个月 人在使用应用"
Shopify Translate & Adapt,3star,2025年10月6日,"Excellente application, mais il n'y a que deux langues disponibles sur la boutique. Amour de Chanvre 法国 2年多 人在使用应用"
Shopify Translate & Adapt,3star,2025年9月8日,"Such a great app, but been waiting eagerly for more than just 2 translations, when will this happen? would be happy to pay a subscription for more as don't want to have to install another app. Please, please update with ability to add more than just 2! Thank you. Stuart Trevor 英国 9个月 人在使用应用"
Shopify Translate & Adapt,3star,2025年8月26日,"I really appreciate this app—it’s very helpful. It automatically translates one language, and I handle the other languages manually. However, when using Translate & Adapt to manually translate the “Online Store → Pages → STORE GUIDE” section, I am trying to align some text to the left, but some stri"
Shopify Translate & Adapt,3star,2026年1月21日,"App have interaction bug: (Linux/Chrome/Firefox): The top left ""back"" button of the app page, returns to the previous page, leaving the admin panel in full-screen mode and hiding all admin control panels. Please fix it! Dostavka 乌克兰 接近3年 人在使用应用"
Shopify Translate & Adapt,3star,2025年3月5日,"Overall a good app, but it's a shame that third-party content still can't be translated. It would be important to have features like reviews translated into the respective language. ROOM IN A BOX 德国 12个月 人在使用应用 1 2 3 4 下一页"
Shopify Translate & Adapt,3star,2025年1月29日,"App works fine, but could use some improvements. - Sheduled translations - More than 2 languages - SEO translations Compridis 荷兰 接近2年 人在使用应用"
Shopify Translate & Adapt,3star,2025年1月26日,Une bien meilleure version que la précédente. On pourrait améliorer l'ergonomie de la recherche des traductions réalisées ou pas. Ce serait bien d'améliorer l'ergonomie de la recherche de produit. Et que l'on puisse voir clairement ce qui est automatiquement traduit ou pas dans les fiches produits. 
Shopify Translate & Adapt,3star,2025年1月6日,"It would be great if you can add more then 2 languages. And it is great for translating the baisics and pages on the webpage. But each artikel you need to do one by one, these need to get more efficiënt. mrpadel.com 荷兰 接近2年 人在使用应用"
Shopify Translate & Adapt,3star,2024年9月4日,"I don't know I am using it wrong, but a lot of the translation on the websites is wrong and I can't seem to edit any of that. I can only edit the menu, and meta data. but not the actual content on the webpages? KERAMIKEN 瑞典 7个月 人在使用应用"
Shopify Translate & Adapt,3star,2024年8月13日,"The app only translates 2 languages and you have no option to have more. Google translate is a basic translator, so you get a lot of mistakes. You need to check everything and change it manually. I ended up with 'rug' (physical bodypart back in Dutch) instead of going back to the next page :D Also i"
Shopify Translate & Adapt,3star,2024年4月24日,"Die grundsätzliche Übersetzung ist gut, Fachbegriffe sollten jedoch immer separat geprüft werden. Ruthemann Design 德国 22天 人在使用应用"
Shopify Translate & Adapt,3star,2023年12月5日,Translated products will feed into Google Merchant Center even if the language has not been published. So be careful when installing this app on your store as it can mess up your integration with Google Merchant Center severely while you work on the translations. Jungle Bird 瑞典 4个月 人在使用应用
Shopify Translate & Adapt,3star,2023年9月22日,"The app seems fine to me, but for the moment I haven't left it installed because it doesn't take all my translations into account. I'm on Transcy, I have 4 translated languages and would love to switch to Transclate and Adapte. But it's going to take me hours to check every product and every page. P"
Shopify Translate & Adapt,3star,2023年9月6日,"Together with Shopify Markets this app could be a 10/5 stars. Unfortunately, it's not possible to translate more than 2 languages automatically, which is a big bugger to us since we want to do a Europe wide rollout with our shop. We would be willing to pay for every additional language, for sure, bu"
Shopify Translate & Adapt,3star,2023年7月25日,"Pretty good but still needs some work. A few things I've noticed, there's no bulk translate option for single words. We sell car parts in the UK and launched a US store. The only things that need translating are things like Bonnet to Hood, Wing to Fender etc. There's no way to do this without going "
Shopify Translate & Adapt,3star,2023年7月26日,Hi there- thanks for trying the app and the review. It would be worth combining your Translate & Adapt workflows with the translations CSV (Settings > Languages > Export). ... 显示详细信息 上一页 1 2 3 4 5 下一页
Shopify Translate & Adapt,3star,2025年9月20日,"we need more languages for auto translation, please help to increase amount of languages, at least 5 languages for auto translation is ok. Case116 加拿大 5个月 人在使用应用"
Shopify Translate & Adapt,3star,2024年12月17日,For now it unfortunately offers only 2 active languages. :( Kathi Kunterbunt Stoffe 德国 2个月 人在使用应用
Shopify Translate & Adapt,3star,2024年11月14日,The search field does not do a good enough job to find what you are looking for. but the rest works okay. MIROPAC.INC 加拿大 1年多 人在使用应用 编辑时间：
Shopify Translate & Adapt,3star,2023年6月29日,"Pretty good except that you can't search in ALL text. you need to know where your content is located before you search, which you often don't. Also missing translation of Shopify Reviews SummerSand 丹麦 7个月 人在使用应用 Shopify"
Shopify Translate & Adapt,3star,2023年6月29日,Thanks for the review and for trying the product! Short term use the CSV (Settings > Languages > Export) but search is coming very soon!
Shopify Translate & Adapt,3star,2023年6月8日,"Am I missing something? Why only allowed to translate 2 languages? While the app did a great job of translating the two languages I chose, it was disheartening to see so little variety. Sheair Butters 美国 5个月 人在使用应用 Shopify"
Shopify Translate & Adapt,3star,2023年6月8日,Translate & Adapt allows for 2 auto translated languages. You can translate up to 20 languages manually (that's 18 languages more). There is a cost associated with letting ... 显示详细信息
Shopify Translate & Adapt,3star,2022年12月14日,"I think the result of auto-translation is quite acceptable. But not having the option to select multiple or all products to translate at once is painful, especially when you have 100+ products to translate into more than 1 languages.. And also not sure what happens when a product description or any "
Shopify Translate & Adapt,3star,2022年12月14日,"Hi there, thanks for trying out the app. Stores can be translated entirely in one go, and unedited auto-translations will update if the default content is updated. The ... 显示详细信息"
Shopify Translate & Adapt,3star,2023年3月12日,"Good feature. Really hope that the team can implement ""Glossary/Dictionary"" to apply translation for key words. TD Pajamas 美国 大约13小时 人在使用应用"
Shopify Translate & Adapt,3star,2022年10月6日,It's great but 2 languages is definitely not enough so I had to remove the app. When will the paid plan be available for more automatic languages? Free Spirit Shop 加拿大 4天 人在使用应用
Shopify Translate & Adapt,3star,2023年9月30日,PLEASE make it so that you can translate tags. PLEASE!!! PetUtopia 荷兰 9天 人在使用应用
Shopify Translate & Adapt,3star,2023年9月23日,"When will there be more than 2 languages, even if we would like to pay for it? Cheerble 香港特别行政区 大约1年 人在使用应用 上一页 1 2 3 4 5 下一页"
Shopify Translate & Adapt,3star,2026年3月13日,il y a beaucoup de fautes sur les traductions Prestigia Hair 瓜德罗普 18天 人在使用应用
Shopify Translate & Adapt,3star,2025年8月4日,"I was translating from English to Spanish and German. In the most part, in normal word translating the app worked fine. But if there was any kind of command within a bracket [ ] then the app translated the command and then the command did not work, but showed the actual translated word instead. Unfo"
Shopify Translate & Adapt,3star,2023年7月24日,"Translations are inconsistent both in wording and formatting, and are often inaccurate. Each translation requires manual review and revision which is very time consuming. Disappointed in the unreliability of the translation process and decided to remove the app. Aaron Joseph Workshop 英国 22天 人在使用应用 S"
Shopify Translate & Adapt,3star,2023年7月14日,"Hi, thanks for trying the app - we've sent an email."
Shopify Translate & Adapt,3star,2023年3月27日,"It works well, but it does not translate the content that is generated via a Website Builder such as Gempages.Is there a workaround to this other than paying premium on third party apps ? Autobay 希腊 6个月 人在使用应用 Shopify"
Shopify Translate & Adapt,3star,2023年3月27日,Translate & Adapt has access to 3rd party apps that store content inside Shopify and are integrated with the Translation API. If an app doesn't store it within Shopify the ... 显示详细信息
Shopify Translate & Adapt,3star,2026年1月18日,I've tried a few translate app and this one fits my budget and does part of the job well. I would prefer translation ensured by ChatGPT as Google translate is not as accurate for French or Greek. Maybe the developer of this app could consider it or use shopify AI? The auto-translate button is a nice
Shopify Translate & Adapt,3star,2024年10月27日,"Leider ist die Übersetzungsfunktion von Shopify für international agierende Shops stark eingeschränkt. Auch wenn Shopify verschiedene Sprachen unterstützt, kann man die Inhalte für unterschiedliche Märkte nicht individuell anpassen. In meinem Fall möchte ich z.B. in Deutschland „Kostenloser Versand "
Shopify Translate & Adapt,3star,2024年9月1日,The app is great but there are two key features that are missing at the moment: -Localizing product images -Integration with review apps like Loox TaggyPro 意大利 27天 人在使用应用
Shopify Translate & Adapt,3star,2023年9月27日,muito bom mas falta uma coisinha que era mais configurações para deixar ainda melhor nocaso nao consigo colocar ele como opção pro cliente escolher o idioma Wanna B€ Yours 葡萄牙 2个月 人在使用应用 Shopify
Shopify Translate & Adapt,3star,2023年9月28日,"Hi, Language selectors are a part of the theme. It isn't related to Translate & Adapt. To turn it on you can go to your theme settings and turn it on."
Shopify Translate & Adapt,3star,2025年9月11日,mancano 2 lingue dovrebbe essere commpletata per il resto funziona e inegra bene tutto e subito Natural Shoes 意大利 9个月 人在使用应用
Shopify Translate & Adapt,3star,2025年8月2日,Ollaik Store 黎巴嫩 9天 人在使用应用 上一页 2 3 4 5 下一页
Shopify Translate & Adapt,3star,2025年7月8日,HugTaily 希腊 16天 人在使用应用
Shopify Translate & Adapt,3star,2025年2月15日,Pipe Rehabilitation Solutions 加拿大 1年多 人在使用应用
Shopify Translate & Adapt,3star,2024年7月18日,4resinart 波兰 大约1个月 人在使用应用
Shopify Translate & Adapt,3star,2026年1月27日,Be Bookish 德国 3个月 人在使用应用
Shopify Translate & Adapt,3star,2025年12月19日,RutuRas Foods 印度 3天 人在使用应用
Shopify Translate & Adapt,3star,2025年10月24日,Oryza Powersports 瑞典 大约2个月 人在使用应用
Shopify Translate & Adapt,3star,2025年2月8日,Rubicon 加拿大 26天 人在使用应用 上一页 3 4 5

=== T Lab (13 reviews) ===
T Lab,1star,2026年5月21日,"Ich habe massive Probleme mit den Übersetzungen im Shop. Falscher Titel in den Übersetzungen, ganz andere Titel stehen dort. Die Fotos passen dnan nicht zum Titel, URL falsch. Die Kunden sind total verunsichert. Das Problem taucht immer und immer wieder auf. Absolut nicht zu empfehlen. Sehr ärgerlic"
T Lab,1star,2026年6月4日,"rubbish no real customer service, just robert MAGIC JOHN 美国 3个月 人在使用应用"
T Lab,1star,2024年1月31日,"The app isn't performing as expected and doesn't conform to the developer's declaration. The translation leaves some product categories and items untranslated. For instance, out of the five identical elements present in the same block, only four were translated. It is certainly not worth using this "
T Lab,1star,2025年5月14日,"I have now been using this app for over a year (our company for 2–3 years in total), and I must say it’s one of the most overrated apps we’ve come across – definitely not worthy of a 4.9 rating. The biggest issue is something that even many free translation apps handle better: the lack of a comprehe"
T Lab,1star,2025年5月22日,Thank you for your long-term use of TLab and for taking the time to share your feedback. You’ve highlighted an area we know needs improvement: global search across all ... 显示详细信息
T Lab,1star,2022年11月9日,"Since I installed this app my website started having issues. It got to the point where the website wouldn't load any more, quickly de-installed it. Katon.nl 荷兰 3个月 人在使用应用"
T Lab,1star,2026年4月2日,設置方式太複雜 stepblock 香港特别行政区 9分钟 人在使用应用
T Lab,2star,2021年12月3日,"We reinstalled this app for the purpose to enable our brand to sell international, but for some strange reasons this app fail to enable us to sell in allot of countries. Please look into separating languages and countries as allot of countries beside the UK speaks English, French, and Spanish. This "
T Lab,3star,2025年1月16日,They need better customer support and the app needs to be more user friendly FOLIGAIN EUROPE 美国 11个月 人在使用应用 编辑时间：
T Lab,3star,2025年6月21日,UPDATED From one (1) to three (3) stars after a year and some support. Initially I wouldn't recommend using the app but the app has been improved a lot. The app is still buggy but the support is definitely getting better and faster. It is still too troublesome to find the passages you want to transl
T Lab,3star,2021年12月10日,"Nice app, but let down by very weak search (no search at all on metafields) and no global search/replace. After the initial translation, this app becomes quickly unusable for the continuous small edits that happen on a live site. The Shopify native import/export is more user-friendly Waww La Table 法"
T Lab,3star,2022年1月20日,Translation in general goes welll... But the app does no real SEO grade translation. URL handles or Links are translated... so for articles this is good but for SEO strategy it as a worthless app. Intertaping B.V. 荷兰 2个月 人在使用应用 编辑时间：
T Lab,3star,2025年8月6日,"I initially gave the app a low rating, but the tlabs team was interested in helping me. So I fixed my weed. CMsense EU 土耳其 10天 人在使用应用"

=== Transcy (284 reviews) ===
Transcy,1star,2026年3月17日,"This is horrifying - It has completely hijacked my store - Changed the links. I cannot even edit anymore. He broke the links, translated literally. I just uninstalled it PurrEmbassy | Pet & Home 西班牙 大约22小时 人在使用应用 FireGroup"
Transcy,1star,2026年3月19日,"Hi there, This is Brian. We’re truly sorry to hear about your experience. That sounds incredibly frustrating, and we completely understand why you felt the need to uninstall ... 显示详细信息 编辑时间："
Transcy,1star,2026年4月1日,ATTENTION: AFTER WEEKS STILL NO REFUND OR PRODUCTIVE REACTION! It seems we have to open a dispute.... Bad technical experience. We're waiting for a refund of almost 1000 USD for several months now... very bad support with slow or no communication. Can't recommend Transcy! chronofactum.com 德国 3个月 人在使
Transcy,1star,2026年3月17日,"Hi there, This is Saha. I’m truly sorry to hear about your experience and completely understand your frustration. According to our records, your refund request was submitted ... 显示详细信息"
Transcy,1star,2026年1月20日,"Since I started using Transcy, I’ve encountered a wide range of issues. For example, prices for the U.S. market are incorrectly displayed in Australian dollars, which is completely inconsistent with their promise that the currency would automatically switch based on the iPhone’s region. Another seri"
Transcy,1star,2026年1月22日,"Hi there, This is Brian. We truly understand how frustrating it is to encounter pricing and localization issues, especially when accuracy is critical for international ... 显示详细信息"
Transcy,1star,2026年6月17日,insane pricing My Store 英国 大约3小时 人在使用应用 FireGroup
Transcy,1star,2026年6月17日,"We're sorry to hear that. We offer a range of plans for different store sizes, including a free tier. If you'd like, drop us a line at support@transcy.io - we're happy to ... 显示详细信息"
Transcy,1star,2026年3月6日,"Translations take forever, endless upsells before being able to use the app, custmoer service time is horrible and if they are online they are slow, unfriendly and cannot find a solution and repsonse time is horrific. Cannot recommend. For this rpemium price i expect premium software and customert s"
Transcy,1star,2026年3月9日,"Hi, Here's Aiden. We're truly sorry to hear that your experience with Transcy has been frustrating. This is certainly not the level of performance or support we aim to ... 显示详细信息"
Transcy,1star,2026年3月30日,Unfortunately nearly useless thanks to their token price gouging. API input doesn't work and the token price is ridiculous. BunkySofa 德国 接近2年 人在使用应用 FireGroup
Transcy,1star,2026年3月31日,"Hi there, This is Ethan. Thanks for your feedback, we’re really sorry to hear about your experience. We noticed that you haven’t reached out to our team regarding the token ... 显示详细信息 编辑时间："
Transcy,1star,2025年12月16日,"11.13：After the update, numerous issues have arisen. All languages in my store have disappeared, leaving only the default language. I've tried various settings but still can't display other languages properly. Moreover, the customer support system is a complete mess. No one can answer my questions—o"
Transcy,1star,2025年11月17日,"Hi sir, This is Ethan, and we apologize for the trouble you've been experiencing. 1. Regarding the language issue, our team checked your case and, from our previous ... 显示详细信息"
Transcy,1star,2025年10月30日,"It’s terrible! Everything was working fine before, but ever since the version update, problems have been occurring one after another! Although they helped me fix issues like prices not displaying after switching languages and navigation bar errors, they made unauthorized changes to my website’s code"
Transcy,1star,2025年11月3日,"Hi sir, This is Saha, and we apologize for the trouble you've been experiencing. 1. Regarding the SKU issue on Oct 28, we confirm that we did not edit or change your source ... 显示详细信息"
Transcy,1star,2026年2月17日,"I’ve had a disastrous experience with Transcy. What was supposed to be a simple translation solution turned into a massive technical debt for my Shopify store. The main issues we faced: Hreflang Conflicts: The app generated hundreds of ""743 Hreflang Conflicts,"" confusing Google by trying to host mul"
Transcy,1star,2026年2月23日,"Hi there, This is Brian, and we sincerely apologize for the frustration caused. Regarding your issues, as follows: Hreflang: Shopify automatically generates hreflang tags. ... 显示详细信息 编辑时间："
Transcy,1star,2024年12月16日,"this is suck.If you are an e-commerce website, please translate product titles and URLs as needed. Because Google will determine that your translated products are new products, which will cause your store to have thousands of more products. Don't translate pictures either, because the last picture w"
Transcy,1star,2024年10月21日,"Hi Feng, This is Brian and we personally apologize for any inconvenience causing to your experience - First of all, we have noted your feedback to improve our app in the ... 显示详细信息 1 2 3 4 … 11 下一页"
Transcy,1star,2026年3月15日,"These are scammers. They take money, but the program doesn’t work and translates nothing. They do not refund the money. They should be blocked on Shopify. MIHAILIUC 罗马尼亚 大约1个月 人在使用应用 FireGroup"
Transcy,1star,2026年3月17日,"Hi there, I’m Brian. I personally apologize for your experience, and I understand how frustrating this must feel. Please rest assured that we are committed to handling your ... 显示详细信息"
Transcy,1star,2026年8月1日,you should pay for everthing after you install. i did not like that i did uninstall then fuc*ked my all currently translate. it was a big regret !!!!! MARSONIPRINT 荷兰 2天 人在使用应用
Transcy,1star,2026年1月26日,"Absolut enttäuschend – Preis-Leistung steht in keinem Verhältnis Für einen Preis von 599 Euro ist die Leistung dieser App ungenügend. Die versprochene automatische Übersetzung funktioniert schlichtweg nicht. Tatsächlich bietet die kostenlose ""Translate & Adapt""-App von Shopify deutlich bessere Ergeb"
Transcy,1star,2026年1月27日,Hi This is Kane. We’re truly sorry to hear about your disappointing experience and appreciate you taking the time to share this feedback. We understand your concerns ... 显示详细信息
Transcy,1star,2026年1月12日,"App stopped working! Generally I would not use this APP as the SEO Rankings plummed after installation. Also asked for refund due to not working of the app for over 7 months, this was denied therfore from 3* I had to change this to 1 star Tessi-supply.com 德国 接近3年 人在使用应用 FireGroup"
Transcy,1star,2026年1月15日,"Hi there, This is Brian from Transcy. We’re sorry to hear about your frustration and would like to clarify several important points for transparency and fairness to other ... 显示详细信息"
Transcy,1star,2025年12月23日,"New plans pop up every day, and I don't want to subscribe anymore, so I uninstalled the app. But it's still charging me every month. What should I do to get rid of this app? ZHENHUO GEAR 中国 5个月 人在使用应用 FireGroup"
Transcy,1star,2025年12月28日,"Hi there, This is Saha. Thank you for reaching out — I completely understand how frustrating it must feel to see charges continue after you’ve decided not to use the app ... 显示详细信息"
Transcy,1star,2025年12月19日,"This app is horrible. Nothing works. Needs a ton of work for them to be charging as much as they are charging. Customer support is very good, they try their best, but nothing you can do with an expensive app that doesn't work at all. Tried using it several times, and was as patient as I could. Auto "
Transcy,1star,2025年12月22日,"Hi sir, This is Ben, and I am truly sorry for the frustration you’ve experienced. I completely understand how disappointing it is to invest time and money only to feel like ... 显示详细信息"
Transcy,1star,2023年11月18日,"I must urgently warn everyone against this app – it's a complete disaster. The experience is frustrating, especially when switching to the German language interface, as it forces you to manually reset settings for other languages. Despite shelling out 598 annually for their premium version, the app'"
Transcy,1star,2023年11月20日,"Hi Alexander, This is John and we would like to apologize for any inconvenience causing to your experience We have not received any contact from you since October 25th, 2023. ... 显示详细信息 编辑时间："
Transcy,1star,2023年6月1日,"I really wish I could have read all these 1 star review before I made the purchase and I suggest you all do it pls, because all those 5 stars are probably fake from my experience: 1. The function itself did not work & they are making misleading claim and obvious violation of advertising law - THEY’R"
Transcy,1star,2023年6月1日,"Hi Guancheng, This is Stephen and we're deeply sorry for your unexpected experience with our app In relation to your concerns as following: 1. For the first point "" to use ... 显示详细信息"
Transcy,1star,2025年9月1日,"Do not use this APP, because it will modify your store content and image and links without your permission. The translation quality is very poor. Moreover, the translation content cannot be withdrawn, and customer service will not help you restore it. IMOU Store 法国 15天 人在使用应用 FireGroup"
Transcy,1star,2025年9月3日,"Hi sir, This is Joe, and we apologize for the trouble you've been experiencing. 1. Regarding the modification of images and links: We understand why it would be alarming to ... 显示详细信息"
Transcy,1star,2025年7月26日,All the AI generated responses may prevent you from getting to see my review - but I know there are those out there who will be interested in the 1 star reviews... hopefully you see this in time before you install. This developer installs a snippet on the shopify servers that you can't modify or con
Transcy,1star,2025年7月29日,"Hi sir, This is Joe, and we're sorry for the trouble you've been having. Currently, uninstalling the app will cause the code to be removed automatically as well. For your ... 显示详细信息 上一页 1 2 3 4 5 … 11 下一页"
Transcy,1star,2025年6月21日,"Avoid at all costs. This app nearly tanked my store. It broke all currencies except two. As a result, most customers saw the wrong prices—until checkout, where the price suddenly jumped back to default. This alone slashed my sales by around 30% over the week it was installed. After uninstalling, my "
Transcy,1star,2025年6月23日,"Hi sir, My name is Brian. I read your review, and I want to offer my deepest and most sincere apologies for the genuinely damaging experience you had with our app. There is ... 显示详细信息"
Transcy,1star,2025年4月5日,"One of the worst translation apps I've used. They take no responsibility and always blame someone else for any issue. I paid over €300 for translations, and I still had to manually fix missing parts myself. I honestly cannot recommend this app. Unfortunately, I'm now stuck with them because everythi"
Transcy,1star,2025年4月9日,"Hi sir, This is Brown and we're deeply sorry for any inconvenience causing to your experience - We want to assure you that we never intend to pass the blame; we always strive ... 显示详细信息"
Transcy,1star,2025年1月9日,"seriously, the app is really hard to use, I want the currency show only two decimals but I cannot, only can edit one by one manually which takes forever, I asked customer service they said they cannot help either. Now the default USD currency suddenly showing 3 decimals and I cannot edit either.The "
Transcy,1star,2025年1月13日,"Hi Yi, This is Brian and we personally apologize for any inconvenience causing to your experience - For AI translation, it's a known issue that we are using an AI Translation ... 显示详细信息"
Transcy,1star,2024年12月23日,"Bugs, bugs, bugs 2-3 bugs per week, they have very fast customer service actually but i need to keep an eye on this app every day so that it doesnt destroy our company, there was a bug where it was duplicating the price digits from 98 to 9998 and made zero sales on that day trying to figure out what"
Transcy,1star,2024年12月25日,"Hi there, This is Brian and we're deeply sorry for any inconvenience causing to your experience. - For the duplicating price digits, please be advised that this issue is ... 显示详细信息"
Transcy,1star,2024年10月10日,3 Monate SEO-Arbeit für uns ruiniert. Achtung: diese App setzt canonical Tags und dadurch wurden wir bei Google abgestraft. Richtig mies. Die App ist ansonsten auch etwas kompliziert aufgebaut. Sind leider nicht zufrieden. sandiia® – stylische Babycarrier 德国 2年多 人在使用应用 FireGroup
Transcy,1star,2024年10月13日,"Hi there, This is Saha from Transcy - On the behalf of our team, we're truly sorry to hear that our app caused such disruption to your SEO efforts. It's clear that this has ... 显示详细信息"
Transcy,1star,2024年9月28日,"Disappointing Experience with Transcy AI : I had a really frustrating experience with Transcy AI. The app was difficult to use and plagued with multiple bugs. I initially chose a plan to test it out, but due to all the issues, I ended up uninstalling it. After a month, I decided to give it another t"
Transcy,1star,2024年9月30日,"Hi there, This is John and we personally apologize for any inconvenience causing to your experience - For unexpected support from the agent, we will have a proper training to ... 显示详细信息 编辑时间："
Transcy,1star,2025年10月30日,"It took a while to get up and running and (as usual with these apps) I needed to establish contact to resolve something simple, which meant they could chase for a positive customer service review. After using it for quite some time, they have considerably changed the subscription models, massively h"
Transcy,1star,2024年8月20日,"Hi there, This is Kieran, and we apologize for the trouble you've been experiencing. The pricing update was not a decision made lightly. We notified all customers via email ... 显示详细信息"
Transcy,1star,2024年7月20日,Have tried them with my store to translate in various languages. Surprisingly by using them my pages started getting de indexed by google. The reason mentioned by google was user defined canonical tag. We tried to contact them and they could not figure out the problem. They asked us to approach goog
Transcy,1star,2024年7月21日,"Hi Gaurav , This is Brian and we're deeply for any inconvenience causing to your experience - In relation to your main issue as your page was not indexed by Google. Please be ... 显示详细信息"
Transcy,1star,2024年6月13日,"We have been using the app for almost 1 year now. there were a lot of issues, I can say every 2 weeks there is a new issue, and you need to keep your eyes open all the time to check everything, All the previous issues we can accept, but the recent issue made the app completely useless and affected o"
Transcy,1star,2024年6月16日,"Hi Hamoodah, This is from Emma from Transcy Regarding to your concern, we understand the frustration this situation has caused, and we sincerely apologize for the delay in ... 显示详细信息"
Transcy,1star,2024年6月5日,"The App is agreat idea, but it is pure pain to implement everything correctly. In the end it didnt work, it messed my my whole currency section, displayed ridiculous prices. nobody from the support could help me/ understand the problem. the support is prompt and really tries its best. They directly "
Transcy,1star,2024年6月7日,"Hi Adrian, This is Kate from Transcy First of all, I sincerely apologize for the inconvenience caused to you At the moment, since you also use Shopify Payment and set up the ... 显示详细信息 上一页 1 2 3 4 5 6 … 11 下一页"
Transcy,1star,2024年5月17日,"After several months I need to adjust my review : Stay away as far as you can! - we have implemented the hreflang with them, which was not implemented correctly and has caused a SEO crash. On main keywords we dropped from Top1-5 to below 100. They ask us to deal with Shopify for it, declining any re"
Transcy,1star,2024年2月23日,"Hi Etablissements, This is Hana and we personally apologize for those inconvenience causing to your experience In relation to your issues as following: - For hreflang as well ... 显示详细信息"
Transcy,1star,2024年1月22日,"Had a very negative experience with Trancy lately. I paid a yearly fee at the beginning of 2024, but then one day all my translation are lost (meanwhile I was spending ads spending to attract people to the page only found out that the pages are not in their languages, so lost lot of money on ad spen"
Transcy,1star,2024年1月24日,"Hi Meng, This is Fiona from Transcy and we sincerely apologize for any inconvenience causing to your experience - For the main problem regarding to downgrade to Free plan and ... 显示详细信息"
Transcy,1star,2023年8月24日,"the machine translation is not correct, there is no response from customer services , app slower down speed , hard to use CUBIC 香港特别行政区 1天 人在使用应用 FireGroup"
Transcy,1star,2023年8月30日,"Hi there, This is Henry and we would like to apologize for any inconvenience causing to your experience In relation to your concerns as following: 1. For the machine ... 显示详细信息"
Transcy,1star,2023年8月14日,"This app is great, when it does what it is supposed to. EVERY WEEK I have to contact customer support as the app. The issue is the same every week. I am in the UK, and it automatically changes the currency to a random foreign currency instead of keeping GBP. I don't use any VPNs or things like that."
Transcy,1star,2023年8月16日,"Hi Matthew, Here's Brian and we're deeply sorry for this inconvenience causing to your experience In relation to your issues, we have seen that our agents tried to check and ... 显示详细信息"
Transcy,1star,2023年7月17日,"Terrible app, reviews are most likely fudged. I don't know what I could do wrong, I did everything according to the instructions which I reviewed 10 times, support helped me, but still problems remained. If you make a small change/add a product - sit in the settings for hours (considering that suppo"
Transcy,1star,2023年7月20日,"Hi Pavlo, This is Peter and we're truly sorry for this inconvenience causing to your experience In relation to your issues, we have seen that our agents tried to check and ... 显示详细信息 编辑时间："
Transcy,1star,2025年9月16日,"We are exasperated with this app. Always rising prices and its not working at all! We always find problems and mistakes The last mistake is that a banner and translations in the home were never updated and now we have to update our price plan if we want to get this fixed. Crazy, we are changing to l"
Transcy,1star,2022年3月10日,"Hi there, This is Kane. We understand your frustration and on behalf of my team, we sincerely apologize for any inconvenience caused to your experience Also, it's important ... 显示详细信息 编辑时间："
Transcy,1star,2026年3月24日,"This app it's terrible they promise me one price, I payed the 270€ anual fee and then they asked me for a 5k anual fee... Doesn't update the banner languages in a automatic way. You need to translate it yourself. mrsertha 葡萄牙 3年多 人在使用应用 FireGroup"
Transcy,1star,2026年3月25日,"Hi there, This is Ben. Thank you for sharing your feedback. I truly understand how frustrating this experience must have been, especially when it comes to pricing and ... 显示详细信息 编辑时间："
Transcy,1star,2025年5月8日,"Worst app ever on Shopify, broke all of our PageFly Pages and translated almost everything wrong in German Gibbon Slacklines 德国 接近3年 人在使用应用 FireGroup"
Transcy,1star,2022年11月15日,"Hi Gibbon, This is Jocelyn from Transcy and we're deeply sorry for any inconvenience causing to your experience In relation to your issues, we seem not to catch your point ... 显示详细信息"
Transcy,1star,2026年1月23日,"Waste of money, app is not working on mac aoon 阿拉伯联合酋长国 6个月 人在使用应用 FireGroup"
Transcy,1star,2026年1月26日,"Hi sir, This is Kane We’re sorry to hear about your experience. At the moment, we’re not entirely sure what you mean by “not working on Mac.” Could you please share more ... 显示详细信息"
Transcy,1star,2025年10月12日,they increase my monthly price from 30 usd to 60 usd without notification. lensdy 英国 4个月 人在使用应用 FireGroup
Transcy,1star,2025年10月13日,"Hi there, Here's Brown, and we personally apologize for this inconvenience To provide some context, we announced a pricing and plan update via email in September and sent a ... 显示详细信息 上一页 1 2 3 4 5 6 … 11 下一页"
Transcy,1star,2025年9月25日,Stopped working while I paid for a whole year. The customer service is a super annoying chat bot. Not happy at all!!!! Hipvoordeheb.nl 荷兰 1年多 人在使用应用 FireGroup
Transcy,1star,2025年9月26日,"Hi sir, This is Saha, and we apologize for the trouble you've been experiencing. Just so you know, you'll start by chatting with our AI assistant. It's here to help with ... 显示详细信息"
Transcy,1star,2024年11月11日,installed and uninstalled - complicated and full of pay walls for a coreect and adjusted translation Mabel 荷兰 大约1小时 人在使用应用 FireGroup
Transcy,1star,2024年11月12日,"Hi there, This is Brian and we personally apologize for any inconvenience causing to your experience - We have realized you met some troubles starting using our app, then one ... 显示详细信息"
Transcy,1star,2024年8月30日,"The worst application, two days trying to make it work and nothing. Frustrating and unnecessary work. The cheaper apps are just as good, if not better, than what is offered here. Not satisfied at all, and I do not recommend it. Pasquín Store 美国 大约16小时 人在使用应用 FireGroup"
Transcy,1star,2024年9月2日,"Hi Pasquin, This is Jack and we apologize for any inconvenience causing to your experience - We understand your frustration, and we sincerely apologize that our previous ... 显示详细信息"
Transcy,1star,2024年8月8日,"Literally useless, customer service give no help and all youtube content on how to set up is out of date NÓRA 阿拉伯联合酋长国 11个月 人在使用应用 FireGroup"
Transcy,1star,2024年8月11日,"Hi Gulnoza, This is Brown and we're deeply for any inconvenience causing to your experience - For unexpected support from the agent, we will recheck their work carefully and ... 显示详细信息 编辑时间："
Transcy,1star,2025年10月22日,Helaas verhogen ze wel de prijzen maar zetten ze een AI bot in die niet werkt voor de klantenservice. Mijn advies. Een andere vertaalapp nemen. MoodCompanyNL 荷兰 1年多 人在使用应用 FireGroup
Transcy,1star,2024年5月20日,"Hi Edwin, This is Selena, and we apologize for the trouble you've been experiencing. To provide fast, initial support (especially outside of our human team's operating hours) ... 显示详细信息 编辑时间："
Transcy,1star,2024年2月5日,"I believed them but the package I had blew up by itself, it wasn't me who canceled it and I didn't realize it, because everything seemed to be working. I contacted them a few times and your agents did not tell me that the problems were related to the basic plan. And as luck would have it, the packag"
Transcy,1star,2023年12月20日,"Hi Aissata , This is Peter from Transcy and we sincerely apologize for any inconvenience causing to your experience - In relation to your main concern that your plan was ... 显示详细信息 编辑时间："
Transcy,1star,2025年3月27日,"This app is a disaster. It keeps changing the alterations I made, the translations itself are so bad. It takes way too much time to change it every time, lot's of errors. No. Waste of money. Atelier Florentine 荷兰 大约2年 人在使用应用 FireGroup"
Transcy,1star,2023年12月7日,"Hi there, This is Saha and we personally apologize for any inconvenience causing to your experience - Regarding to your issue, we seem not to catch it clearly, also you ... 显示详细信息"
Transcy,1star,2023年11月21日,"A very bad app, all full of bugs. It was greatly affected during Black Friday and suffered heavy losses. AMZ Deco 香港特别行政区 8个月 人在使用应用 FireGroup"
Transcy,1star,2023年11月23日,"Hi Junjie, This is Edna and we're truly sorry for this inconvenience causing to your experience In relation to your issues, we have seen that our agents tried to check and ... 显示详细信息"
Transcy,1star,2023年7月7日,"Non funziona, ti vogliono far acquisire altre cose: Usate un'altra applicazione non funziona questa NEIBAC 意大利 11个月 人在使用应用 FireGroup"
Transcy,1star,2023年7月11日,"Hi Matteo, This is John and we would like to apologize for any inconvenience causing to your experience In relation to your issue, we did not catch up your point yet, please ... 显示详细信息"
Transcy,1star,2023年6月11日,"This is a really honest review from this AWFUL APP. I wish I read the reviews before I BOUGHT THEIR SERVICE. THE WORST PART IS THAT THE 5 STARTS REVIEWS ARE FAKE, AS THEY ASK AND PRESSURE PEOPLE TO WRITE THEIR REVIEWS RIGHT AWAY AFTER PURCHASING. THEY ALSO HIRE PEOPLE TO LEAVE GOOD REVIEWS: They are"
Transcy,1star,2023年6月12日,"Hi Bento, This is Patrick and we would like to apologize for any inconvenience causing to your experience In relation to your concerns as following: 1. For the good as well ... 显示详细信息 上一页 1 … 4 5 6 7 … 11 下一页"
Transcy,1star,2020年11月9日,We translated our entire webshop via Transcy (800 products) from Dutch to French. But now it appears that custum fields can't be translated by the app... so we're stuck because we use a lot of custom fields... We also get to see in a lot of places... so we have to take this out everywhere... e.g. in
Transcy,1star,2020年11月10日,"Hi there, Here's Raymond from Transcy - Translate Language and Convert Currency Customer Support Team. Sorry for the inconvenience has caused to you First, I got your concern ... 显示详细信息 编辑时间："
Transcy,1star,2021年6月21日,"I modify my review because a customer service employee invited me to comment when I had not yet tried the application. I needed to make some modifications in the switcher and the customer service was terrible, they tried to help me but they did not have enough knowledge to do it and while they were "
Transcy,1star,2021年5月10日,"Hi Carina, I'm Vera from Transcy - Translate Language and Convert Currency Customer Support Team. Please accept our sincere apologies for the inconvenience you may have ... 显示详细信息"
Transcy,1star,2021年7月15日,"5-Star Reviews are Deceiving - Read the 1&2 Stars to make an informed decision I am not one to spend time reviewing apps, but this app with 4.7 average reviews at the time is extremely deceiving. The 5-star reviews are mostly from beginners who install it and thing it ""looks good"". If you actually s"
Transcy,1star,2021年7月16日,"Hi HUNK, I'm Amanda from Transcy - Translate Language and Convert Currency Customer Support Team and we sincerely apologize your bad experience with us. Regarding to your ... 显示详细信息"
Transcy,1star,2021年10月13日,"The app works quite well so far. The reason for the very bad rating, however, is that the Transcy team accessed our shop and changed our root domain on their own. This caused a lot of damage in both an SEO and sales context and in the following discussions there was no sign of goodwill. The support "
Transcy,1star,2021年10月14日,"Hi Sebastian, Here's Joyce from Transcy - Translate Language and Convert Currency Customer Support Team and we are deeply sorry for this inconvenience caused. Based on your ... 显示详细信息 编辑时间："
Transcy,1star,2021年11月12日,"UPDATE: According to the support the app doesn't support Shopify template pages, neither page template nor product templates. So for us it is not useful. This app is one of the worst I have come across on Shopify. Terribly buggy and slow. Support is overseas with very limited English proficiency. Un"
Transcy,1star,2021年11月12日,"Hi Max, Here's Diego from Transcy - Translate Language and Convert Currency Customer Support Team and we sincerely apologize for this inconvenience caused to your store. ... 显示详细信息"
Transcy,1star,2021年12月18日,"Poorly developed app. The auto translator creates texts with no sense, so the contextual translation must be performed manually. Most texts are not divided in menus, or pages corresponding to the shop structure , the texts can be found under ""Homepage"". There is no easy way to find and replace texts"
Transcy,1star,2021年12月20日,"Hi Andre, I'm Kieran from Transcy - Translate Language and Convert Currency Customer Support Team and we are deeply sorry for your bad experience with us. Your feedback is ... 显示详细信息 编辑时间："
Transcy,1star,2022年1月19日,"more than 3 months trying the app. I tried everything. I set up languages manually. more than 2 days working on it. And suddenly one day the app changed everything, and the website has been plenty of errors. Until today, I can't find a solution. The app is not intuitive. and is not responsive. The t"
Transcy,1star,2022年1月19日,"Hi Guido, This is Peter from Transcy - Translate Language and Convert Currency Customer Support Team and we are deeply sorry for any inconvenience causing to your store. As ... 显示详细信息 编辑时间："
Transcy,1star,2022年2月15日,"If you're tired of your Shopify website This is the best App to ruin it, they'll be super quick at the beginning to support and get their messy application set up on your website and add the switcher and they'll ask for your rating and review right after installation and you've no idea what a mess t"
Transcy,1star,2022年2月10日,"Hi Mehrdad, This is Patrick from Transcy - Translate Language and Convert Currency Customer Support Team. We're deeply sorry for any inconvenience during using our app ... 显示详细信息 编辑时间："
Transcy,1star,2022年3月14日,"Update: After two weeks of live testing. Visitors droped 45%.... Sales droped over 50%. Some users from germany get the english version displayed and canceled the order. I have deleted the app. Old Rating: Easy Interface, Good Design and a smooth auto translation. You can also add manual translation"
Transcy,1star,2022年2月24日,"Hi Karsten, I'm Mirabel and we sincerely apologize for this inconvenience causing to your experience. In relation to your main issue about dropped visitors or sales, we need ... 显示详细信息"
Transcy,1star,2022年3月8日,"We uninstalled this app once as the staff told us that Transcy is are not compatible with other 3rd party app. After we uninstalled, Transcy's staff Jennifer begged us to reinstalled so she will look into the problem and solve it. We reinstalled eventually and Transcy's dev team gave us the same ans"
Transcy,1star,2022年3月9日,"Hi there, This is Brian and please accept my deepest apology for this inconvenience. For unexpected support from my agent, I personally talked directly to them in order to ... 显示详细信息 上一页 1 … 5 6 7 8 … 11 下一页"
Transcy,1star,2022年3月16日,"This app is terribly cumbersome and not easy to use. Without support you are lost. They're all trying, but they made my shop unusable for 24 hours. Never again. I was fooled by the previous reviews. KAFFEEPAUSE 奥地利 大约18小时 人在使用应用 FireGroup"
Transcy,1star,2022年3月16日,"Hi there, I'm Brian and we are deeply sorry for your bad experience with us. As I have checked your case and seen that our agent was trying to help you and replied to you as ... 显示详细信息 编辑时间："
Transcy,1star,2025年1月2日,"They would not refund charges, holding on to funds until we simply gave up. Scandalous customer service. The app itself is great but no go for me, as we could not sort this out. SEEDFUL Store 英国 2年多 人在使用应用 FireGroup"
Transcy,1star,2022年3月25日,"Hi there, This is Brian from Transcy and we're deeply sorry for this inconvenience causing to your experience - First of all, we have noted this information bringing to the ... 显示详细信息"
Transcy,1star,2022年3月28日,Free version only applies to the stores created within 60 days. Also I activated the free period to see the performance before buying. The app added words before and after every single translation without giving a warning. It destroyed my previous translations which cost me hours to fix. miseca 土耳其 
Transcy,1star,2022年3月28日,"Hi Burak, I'm Maria and we are deeply sorry for your bad experience with us. Regarding to your main concerns as following: 1. For Free plan, we offer a Free plan for stores ... 显示详细信息 编辑时间："
Transcy,1star,2022年4月27日,Horrible experience. Still having issues now after uninstalling. Full of bugs. Wish we never installed it. Piedàterre Venezia 意大利 30天 人在使用应用 FireGroup
Transcy,1star,2022年3月30日,"Hi Andrea, Here's Jena and we are deeply sorry for unexpected experience with our app I have seen that one of my colleague is reaching out you, but unsuccessful, please ... 显示详细信息"
Transcy,1star,2022年4月1日,"Too many issues with this app. Edits cannot be done on pages done with a PageBuilder, it's not compatible with 3rd party apps. The team tried to solve this and deleted our tab app without our consent to make their app work - if we hadn't asked what they did to make the app work they wouldn't have to"
Transcy,1star,2022年4月4日,"Hi Julie, This is Kevin and please accept my deepest apology for this inconvenience. For unexpected support from my agent, I personally talked directly to them in order to ... 显示详细信息"
Transcy,1star,2022年4月15日,Ik ben erg ontevreden over de support over deze app. Jennifer wil totaal niet met je meedenken en verwijst je van kastje naar de muur. Elke keer wordt je verwezen naar de Theme support maar blijkt de fout wel bij hun te zitten. Erg vervelend ik hoop dat ze in de toekomst dit gaan veranderen anders g
Transcy,1star,2022年4月18日,"Hi Vincent, This is Xavia and please accept my deepest apology for this inconvenience. For unexpected support from my agent, I personally talked directly to them in order to ... 显示详细信息 编辑时间："
Transcy,1star,2022年10月13日,Third party apps are not changeable! Im very disappointed for such an expensive app. It is ok to make the basic translation but when I'm at the Premium Plan and I pay 40 $ per month I expect at least to help me with basic things. At the premium plan they say that I would be able to change images too
Transcy,1star,2022年5月18日,"Hi PETROS, I'm Marry from Transcy and we're deeply sorry for any inconvenience causing to your experience Based on your issue as replace image on third party page builder, ... 显示详细信息 编辑时间："
Transcy,1star,2023年11月18日,"Worst experience with a Shopify app I have ever had. After installing the app, I noticed that the translations weren't displaying correctly and that different currencies weren't showing. I asked the support team for help and after giving them some access to my store, they kept me on chat for about 2"
Transcy,1star,2022年6月2日,"Hi Giuseppe, This is John. On the behalf of the team, I sincerely apologize for the inconvenience that you have been through. Since translation and currency are working under ... 显示详细信息"
Transcy,1star,2022年6月16日,Pricing is very misleading. A free plan is only available to new customers. I was looking forward to this app considering I only needed 1 currency converter and 1 language converter so I thought the free plan was perfect to realize I couldn't select it. Disappointing Bella Boutique 美国 3分钟 人在使用应用 Fir
Transcy,1star,2022年6月16日,"Hi Alexis, This is Kelly and we're deeply sorry for your unexpected experience with our app Regarding to your concern, we're offering 4 plans including Free plan as well. ... 显示详细信息 编辑时间："
Transcy,1star,2022年6月20日,"Worst experience ever. Although we opted for the Premium plan, they made us wait 5 days for an app that has missing translations, false translations and our website's usability and speed went down considerably. We are shocked to see how this app can have so many positive reviews. I think most of its"
Transcy,1star,2022年6月21日,"Hi Alper, I'm Maria and we are deeply sorry for your bad experience with us. Regarding to your main concerns as following: 1. For unexpected support from our agent, we will ... 显示详细信息 上一页 1 … 6 7 8 9 10 11 下一页"
Transcy,1star,2022年8月6日,"Terrible experience, the application leaves too many objects or words untranslated, and the manual translation does not work or works poorly, adds unwanted labels to the translations. The worst thing is that when you uninstall the application, the damage is done. BY DELUXE Store 美国 大约2小时 人在使用应用 Fire"
Transcy,1star,2022年8月8日,"Hi Raúl, I'm Dane from Transcy and we personally apologize for any inconvenience causing to your experience We have seen that one of our colleagues is following your case, ... 显示详细信息 编辑时间："
Transcy,1star,2022年8月11日,"No Transparency, Terrible customer support. Access request granted to Transcy app team to fix an error that appears in translation and after that some changes on the theme where done , customers couldn't check out. We had multiple changes within the theme to fix this error without any clear communic"
Transcy,1star,2022年8月12日,"Hi Sally, I'm Marry from Transcy and we're deeply sorry for any inconvenience causing to your experience We have seen that one of our colleagues is following your case, he ... 显示详细信息"
Transcy,1star,2022年11月4日,"Unfortunately, this is the only rating I can give at the moment. I read their offer to translate into two languages ​​for 9.90, in fact it turned out that a normal translation can be done into 1 language, and the second language will be a translation of something like google translate in real time, "
Transcy,1star,2022年11月8日,"Hi Maria, Here's Brian from Transcy and we sincerely for this inconvenience In relation to your issues as following: 1. First of all, we're so sorry if our app information ... 显示详细信息"
Transcy,1star,2022年11月7日,It says only language is free but when you download and install the app it says free plan is not available. That is a waste of my time you don't advertise what you don't offer that not a honest business Replacement Water Filters 加拿大 3分钟 人在使用应用 FireGroup
Transcy,1star,2022年11月8日,"Hi there, This is Kaylin and we're deeply sorry for your unexpected experience with our app Regarding to your concern, we're offering 4 plans including Free plan as well. ... 显示详细信息"
Transcy,1star,2022年12月22日,"Very bad app and it is not working properly , broke 10 time for one week .Big problem for me and lost a lot of customers !!! NOT working good !!! Last time i had a lot of people contacting me to complain about the language problem ! Limited Lingerie 保加利亚 22天 人在使用应用 FireGroup"
Transcy,1star,2022年12月23日,"Hi Miroslav, This is Anna from Transcy and we're deeply sorry for your unexpected experience with our app Regarding to your issue, because you uninstalled our app already so ... 显示详细信息"
Transcy,1star,2023年3月5日,"This translation app is such a nightmare. It doesn't translate all website sections properly and the support is an utter joke. Also, theyve just raised their prices by 50%. I wouldn't recommend! Nutriop Longevity 瑞士 大约1年 人在使用应用 FireGroup"
Transcy,1star,2023年3月6日,"Hi there, This is Saha and we personally apologize for any inconvenience causing to your experience 1. Through this unexpected situation, we will recheck the agent and have a ... 显示详细信息"
Transcy,1star,2026年1月14日,This is a scam Dolce Catene 美国 8天 人在使用应用 FireGroup
Transcy,1star,2026年1月15日,"Hi sir, This is Mary from Transcy. We sincerely apologize for the inconvenience you’ve experienced. Regarding the new pricing issue along with the function app, one of our ... 显示详细信息"
Transcy,1star,2025年8月1日,cheater Tutimall 香港特别行政区 12天 人在使用应用 FireGroup
Transcy,1star,2025年10月23日,"Hi sir, This is Ethan, and we are genuinely sorry for the trouble you've been experiencing. The additional costs for using the DeepL integration were not clearly explained. ... 显示详细信息 编辑时间："
Transcy,1star,2024年12月9日,"Very bad app, never seen such bad product on shopify! Sneaxx 荷兰 2天 人在使用应用 FireGroup"
Transcy,1star,2024年12月10日,"Hi David, This is Brian and we personally apologize for any inconvenience causing to your experience - First of all, because of misunderstanding when using the Glossary ... 显示详细信息 编辑时间："
Transcy,1star,2026年5月25日,DRAMA. Klantenservice is verschrikkelijk!!!! KIES EEN ANDERE APP Dutch Tufting 荷兰 3年多 人在使用应用 FireGroup
Transcy,1star,2024年4月15日,"Hi, It's hard to hear, and we're truly sorry. We know we let you down, and we don't take that lightly. We've reached out to you directly via email and would love the chance ... 显示详细信息 上一页 1 … 7 8 9 10 11 下一页"
Transcy,1star,2024年2月21日,"shitty customer service, I kept upgrading reaching 59$ per month and they didn't want to help with simple issues like having our theme to wrk with their switcher on the header. I also asked why should we pay 590$ per year just to enable DeepL translation integration which should not cost any extra j"
Transcy,1star,2024年2月22日,"Hi there, This is Brian from Transcy and we're deeply sorry for any inconvenience causing to your experience - We have seen one of my colleagues has helped you customize ... 显示详细信息"
Transcy,1star,2023年5月15日,Absolute worst app we ever tried in 4 years. We tried to have this app working for soon 6 months and here are a list of things you should know before downloading it: - You will have to update EVERY single place manually on the website in ALL your languages. No matter if you update a landing page pic
Transcy,1star,2023年5月16日,"Hi Frida, This is Vivian and we're deeply sorry for this unexpected situation causing to your experience In relation to your concerns as following: 1. To update and translate ... 显示详细信息"
Transcy,1star,2021年9月12日,"This app functions fine for currency conversions. However, it is HORRIBLE for translations. It automatically translates your store language but the automatic langauge translation is horrible and not accurate. You need to edit the language manually and the manual editing function does not work. I ope"
Transcy,1star,2021年9月14日,"Hi Ingrid, I'm Kieran from Transcy - Translate Language and Convert Currency Customer Support Team and we are deeply sorry for your bad experience with us. Your feedback is ... 显示详细信息 编辑时间："
Transcy,1star,2022年4月29日,"The support is awesome, got helped all the way through the process of installing it. I have only tested the app a for a couple of minutes but the translations seem accurate. The one thing that king of dissapointed me was that on the shopify store it gives a free plan as an option, but that plan is o"
Transcy,1star,2022年5月5日,"Hi Antonio, Here's Vincent and we sincerely apologize for this inconvenience causing to your store. For unexpected support from my agent, I personally talked directly to them ... 显示详细信息 编辑时间："
Transcy,1star,2022年7月12日,"BE AWARE After my bad experience and finally canceling and removing the app which left a lot of useless code on my side, I received 6 to 8 emails in 4 days one phone call on my personal phone number (they were masking their phone number) and they send me messages on Whatsapp. They don't respect your"
Transcy,1star,2022年7月12日,"Hi Vasilis, This is Amanda and we're deeply sorry for your unexpected experience with our app Regarding to your concerns as following: 1. On the behalf of my team, I ... 显示详细信息"
Transcy,1star,2022年7月13日,Dejó de funcionar. El botón de traducción ya no parece en mi pagina de shoppify. No sé mas que decir para junta 100 caracteres capsulmx 墨西哥 1天 人在使用应用 FireGroup
Transcy,1star,2022年7月15日,"Hi Nadav, This is Doris and we're deeply sorry for your unexpected experience with our app Regarding to your main concern as switcher (language selector) not showing, it's ... 显示详细信息"
Transcy,1star,2022年11月23日,The free part is a lie which you won't figure out before you have installed it and given your data to them. Alt-Japansk 挪威 2分钟 人在使用应用 FireGroup
Transcy,1star,2022年11月24日,"Hi Tommy, This is Emily and we sincerely apologize for this inconvenience causing to your experience In relation to your issue, because the information about Free plan is not ... 显示详细信息"
Transcy,1star,2023年1月27日,"4 hours to translate 1 single page (with the help of the support team).. I don't write reviews often, but for this one I have to. I've tried this app due to the good reviews, but was far from good unfortunately. The interface was difficult to navigate and I had trouble finding the right sections to "
Transcy,1star,2023年1月30日,"Hi Sam, I'm Brian from Transcy and we sincerely apologize for your unexpected experience with us. Regarding to your main concerns as following: 1. For unexpected support from ... 显示详细信息 编辑时间："
Transcy,1star,2023年4月16日,"***update 04/23*** Terrible! stay away from it if you want an app that works and support team that helps. We used this app for quite some time and realised, that the auto-switcher is not working. It took us 5(!!!) days and several hours, videos, calls, etc to convince them that the problem is there."
Transcy,1star,2023年2月28日,"Hi Pablo, This is Kieran from Transcy and we personally apologize for this inconvenience causing to your experience 1. For unexpected support from our agents, we will recheck ... 显示详细信息"
Transcy,1star,2025年1月27日,No Hebrew language from all worldwide languages. Anti-Semitic app. Shopify should remove this app from their app store לובן מור 以色列 2分钟 人在使用应用 FireGroup
Transcy,1star,2025年1月28日,"Hi Yonatan, This is Saha and we're deeply sorry for any inconvenience causing to your experience - We're wondering that there was a misunderstanding because our app is still ... 显示详细信息 上一页 1 … 7 8 9 10 11 下一页"
Transcy,1star,2024年10月14日,"From customer service to the pricing everything was beyond terrible. I'm being charged for +70 usd although my plan is supposed to charge much less. I've uninstalled it, and it still charges me. I don't know how to stop this and there is no help. Bareste Jewelry 美国 8个月 人在使用应用 FireGroup"
Transcy,1star,2024年10月16日,"Hi there, This is John and we personally apologize for any inconvenience causing to your experience - Basically, one of my colleagues clearly explained why you got the app ... 显示详细信息"
Transcy,1star,2024年1月11日,"Unfortunately, words are also automatically translated incorrectly, even though you have entered manual translations correctly directly in the Transcy app. On the shop website, you can see the correct translation for half a second, but then many words are overwritten by a kind of ""auto-translation""."
Transcy,1star,2024年1月14日,"Hi Manfred, This is Carter and we're truly sorry for this inconvenience causing to your experience In relation to your issues as following: 1. For the first issue that your ... 显示详细信息 编辑时间："
Transcy,1star,2023年10月4日,"I am so unsatisfied with that app it's unbelievable! Bugs everywhere, not syncing and and and. I am not getting how 5000 people gave 5 stars when it should be 0. I am already searching for an alternative because that app is horrible! There is literally a bug everywhere! There is no AI behind it beca"
Transcy,1star,2023年10月6日,"Hi Jan, This is Adela from Transcy and we're truly sorry for any inconvenience causing to your experience - In relation to AI translation, it's a known issue that we are ... 显示详细信息"
Transcy,1star,2026年3月13日,To be honest this whole setup is so vague that I do not feel confident Trancy is a tool I'd like to work with. Gunderwear 荷兰 3天 人在使用应用 FireGroup
Transcy,1star,2026年3月17日,"Hi, Here's Aiden. I’m truly sorry to hear that your experience with our app hasn’t been a positive one, and I apologize for any inconvenience or frustration caused. We’d ... 显示详细信息"
Transcy,1star,2025年3月26日,disaster for 11 euro per month I can add only one language the default language is also counted and the other plans with more features the price is insane 30 euros per month .... for the new shop this is insane . unsubscribed !!! Secondskin apparel 西班牙 1年多 人在使用应用 FireGroup
Transcy,1star,2025年4月1日,"Hi there, This is Brian and we're deeply sorry for any inconvenience causing to your experience In relation to your issues as following: - With the basic plan, you can add 2 ... 显示详细信息 编辑时间："
Transcy,1star,2024年10月31日,"I dont understand the good reviews, this app is a nightmare, I've never seen so many bugs before. I dont even understand what their devs are doing, I just canceled my subscription and I am taking another app. Harmonize 法国 11个月 人在使用应用 FireGroup"
Transcy,1star,2024年2月6日,"Hi there, This is Ben and we're deeply sorry for any inconvenience causing to your experience During using the app, we have seen there're some different kinds of issues and ... 显示详细信息 编辑时间："
Transcy,1star,2023年1月1日,"Original review: Strongly recommend this app. Automatic translations from English to German are very good over all. In the few cases where they are a bit off, it's easy to edit them manually. Also great customer support. Edit January 2023: I downgraded my initial review from 5 stars to 1 star. The r"
Transcy,1star,2021年11月17日,"Hi there, I'm Kaylin from Transcy and we sincerely apologize for your unexpected experience with our app First of all, we truly understand how hard to get to know due to the ... 显示详细信息"
Transcy,1star,2024年1月22日,DOnt recomend this app Madicaza Store 美国 2天 人在使用应用 FireGroup
Transcy,1star,2024年1月24日,"Hi Marina, This is Donna and we're deeply sorry for any inconvenience causing to your experience In relation to an unexpected issue as the loss of your current translation ... 显示详细信息"
Transcy,1star,2026年2月16日,Evané 加拿大 大约5小时 人在使用应用 FireGroup
Transcy,1star,2026年2月23日,"Hi there, This is Ben. We’re very sorry to hear about any inconvenience it may have caused. That’s certainly not the standard we strive for. We haven’t received any prior ... 显示详细信息"
Transcy,1star,2026年2月16日,Asic Mining Central 印度 5天 人在使用应用 FireGroup
Transcy,1star,2026年2月23日,"Hi there, This is Saha. We’re truly sorry for your 1-star experience and any frustration it may have caused. That’s definitely not the experience we aim to deliver. We couldn ... 显示详细信息 上一页 1 … 8 9 10 11 下一页"
Transcy,1star,2026年1月13日,Sparklean 美国 10个月 人在使用应用 FireGroup
Transcy,1star,2026年1月15日,"Hi there, This is Ben, and we sincerely apologize for any inconvenience or frustration this may have caused. Our goal is to provide a reliable tool for your business, and we' ... 显示详细信息"
Transcy,1star,2026年1月9日,VESUV Design 德国 6个月 人在使用应用 FireGroup
Transcy,1star,2026年1月11日,"Hi sir, This is Brian from Transcy. We sincerely apologize for the inconvenience you’ve experienced. Regarding the new pricing issue, one of our colleagues has already ... 显示详细信息 编辑时间："
Transcy,1star,2025年6月23日,Saada Boutique 德国 大约1年 人在使用应用 上一页 1 … 9 10 11
Transcy,2star,2024年11月18日,"Cris did a great job!!!!! Quick help when we need it most. UPDATE: we've been using Transcy for a while now and the support is very responsive. No issue there. However, it seems like we've had issues every other week or so. The app is very buggy and needs constant attention. Also, every time there i"
Transcy,2star,2024年8月29日,"Hi there, This is Patrick from Transcy and we're deeply sorry for this inconvenience causing to your experience In relation to your concern, we're wondering that one of the ... 显示详细信息"
Transcy,2star,2024年2月29日,"The price only show the subscription. It is misleading that they write ""Unlimited advanced AI translations"" as you have to pay a monthly add on to the subscription based on youe amount of products you want to get translated - this for sure is not transparent. Hjemegn 丹麦 大约1小时 人在使用应用 FireGroup"
Transcy,2star,2024年3月5日,"Hi Danny, This is Brown and we personally apologize for this inconvenience causing to your experience In relation to your issues as following: 1. For the misleading ... 显示详细信息 编辑时间："
Transcy,2star,2025年5月17日,"Customer service is very active (even if resolutions are pretty long -time for the devs to fix the issues) but my God...issues are countless when it comes to translating : coloring, spacing, hyperlinks...If you want something clean and proper you have to go over it and over it this is a real time-lo"
Transcy,2star,2023年9月7日,"Hi there, This is Brian and we're deeply sorry for any inconvenience causing to your experience In relation to your issues, we're hurrying into fixing them. Once we have any ... 显示详细信息"
Transcy,2star,2025年4月29日,Issues keeps getting worse and it seems be a lot of bugs. Hopefully they will fix it all soon. FLORISSMA 瑞典 5天 人在使用应用 FireGroup
Transcy,2star,2025年5月1日,"Hi there, This is Danniel from Transcy and we're deeply sorry for this inconvenience causing to your experience Regarding the issues you're experiencing, we see that a ... 显示详细信息 编辑时间："
Transcy,2star,2025年9月22日,"Since they integrated AI, the whole system is crashing and glitching all the time. And you can't find a human support. Aerix Co 台湾 大约3年 人在使用应用 FireGroup"
Transcy,2star,2023年9月12日,"Hi there, This is Jocelyn from Transcy, and we're deeply sorry for any inconvenience caused to your experience When you start a new chat with us, you'll first interact with ... 显示详细信息 编辑时间："
Transcy,2star,2023年5月25日,"The Transcy team has very responsive, hands-on support team. However, this did not translate into a working app. Ultimately, it failed to consistently translate the content on the page after hours of me working with their team to try and troubleshoot the reason. They sent me a video saying ""see it w"
Transcy,2star,2023年5月23日,"Hi there, This is Adela from Transcy and we sincerely apologize for the trouble from our app We have seen that one of our colleagues is following your case, he gave you clear ... 显示详细信息"
Transcy,2star,2020年9月15日,"There are a few things to watch out for before getting this app. 1. You can't place the switcher wherever you want. This meant that, even though I'm a fully capable developer, I had to wait 2 days for them to place the switcher on my header since my ""automatic"" Venue theme installation was broken. O"
Transcy,2star,2020年9月16日,"Hello Matias, Here is Seri from FireApps Customer Support Team, and I am so sorry for the inconvenience that have caused to you. After checking your feedback carefully, ... 显示详细信息 编辑时间："
Transcy,2star,2023年12月1日,"I have been using this app for some time now, and we are using it because of the features it provides, although, I am making this review in hopes that further action will take place to improve the app, as I don't feel activity to elevate the app is currently in place. I haven't seen any improvements"
Transcy,2star,2022年10月3日,"Hi there, I'm Bellamy from Transcy and we're deeply sorry for this inconvenience causing to your experience In relation to your issues as well as feedback, we have seriously ... 显示详细信息 编辑时间："
Transcy,2star,2022年7月24日,"Honestly? It is pretty chaotic. Yesterday I had one help person who completely messed up the languages on our second shop - though I had specified extremely clearly (twice!) what was needed. Today, someone has simply renamed our theme without letting us know, while they try to fix a bug. They don't "
Transcy,2star,2022年7月27日,"Hi Karen, I'm Emma and we sincerely apologize for your unexpected experience with us. Regarding to your main concerns as following: 1. For unexpected support from our agent, ... 显示详细信息 编辑时间："
Transcy,2star,2022年6月20日,"Never take their optimization for the speed of your site. I asked their expert to fix the errors in the code of my site to speed up the speed of the site. The price is 150 €, so far it's reasonable. My score before optimization was 18 out of 100, after the service finished my site had a speed of 22/"
Transcy,2star,2022年6月8日,"Hi there, Here's Kathy. Thanks for your review and your feedback. Firstly, we sincere apology for any inconvenience causing to you when experiencing our service. We always ... 显示详细信息 1 2 下一页"
Transcy,2star,2022年11月22日,"We have been using Transcy several months now (altough it says 5 days for some reason). There's 1000 product limit and we have 3300 products, but there's no way to translate only the products that are online. You'd have to search them manually by using the info from Shopify customer front. We use Pr"
Transcy,2star,2021年11月24日,"Hi Sonja, Here's Jena from Transcy and we're deeply sorry for your unexpected experience with our app 1. For support from our agent, we will recheck their work carefully and ... 显示详细信息 编辑时间："
Transcy,2star,2025年10月14日,Haven't used anything yet but the first thing on the setup is asking to pay. That's a scam thing to me Edit: The developer reached to me and guided me on how to choose a free plan. You have to click See all plans -> scroll down to see this text -> click on the popup to keep using free plan. First re
Transcy,2star,2025年10月8日,"Hi there, Here's Brian, and we're truly sorry for this inconvenience We think there might have been a misunderstanding when you were asked to ""choose a plan."" To clarify: 1. ... 显示详细信息"
Transcy,2star,2022年7月24日,"The support is fast to reply, but the app itself is not translating properly and accurately. Using the basic plan now and added 2 languages. One of them is Italian and the app translates the word Vest (piece of clothing) to News. I reported this to them and they said they can't change it for me, I w"
Transcy,2star,2022年7月27日,"Hi Anca, I'm Christopher and we're deeply sorry for your unexpected experience with our app Regarding to your main concerns as following: 1. For making it clear the ... 显示详细信息"
Transcy,2star,2022年2月22日,The plugin seems ok - but it is difficult to evaluate with such a pushy and rude customer-support/outsourced service-center/bot which only have one goal and that is to get you to make a 5 star review 2 miuntes after you downloaded the plugin and had zero chance to evaluate the plugin. Sculpto Printe
Transcy,2star,2022年2月23日,"Hi there, This is Patrick from Transcy - Translate Language and Convert Currency Customer Support Team. We sincerely apologize for this inconvenience. For unexpected support ... 显示详细信息 编辑时间："
Transcy,2star,2021年12月7日,Would have chosen another app if I could rewind - im using dawn 2.0 & it's just not working as it should.. Support is very responsive and helpful - but it seems like from my end - A lot of small issues / bugs.. Just doesn't work properly tons of places where I suddenly need to update my translations
Transcy,2star,2021年12月7日,"Hi Jacob, I'm Mirabel from Transcy - Translate Language and Convert Currency Customer Support Team and we're deeply sorry for the inconvenience causing to your store. ... 显示详细信息"
Transcy,2star,2022年2月10日,"Hello, I find the app cumbersome. I deleted the app from my Shopify dashboard but the ""box"" is still popping up on my homepage. Would you please let me know how do I delete the app completely? Thank you. Organics2Botanics 新西兰 2天 人在使用应用 FireGroup"
Transcy,2star,2022年2月10日,"Hi there, I'm Emily from Transcy - Translate Language and Convert Currency Customer Support Team and we sincerely apologize for this inconvenience. For your issue, I have ... 显示详细信息"
Transcy,2star,2020年8月17日,"It works. But the interface is not that intuitive, and you can easily overwrite your first free 100,000 words and then have to spend more to re-translate your store. Orucase 美国 5天 人在使用应用 FireGroup"
Transcy,2star,2020年8月18日,"Hi Colonel, I'm Johnson from FireApps Customer Support Team, and I'm very sorry for the inconvenience has caused to you. Glad to inform that with the latest update, our app ... 显示详细信息"
Transcy,2star,2025年6月7日,SITUS.TOKYO 日本 4个月 人在使用应用 FireGroup
Transcy,2star,2025年6月16日,"Hi sir, This is Brian and we're deeply sorry for any inconvenience causing to your experience We have seen that one of my colleagues has reached out you via email, please let ... 显示详细信息 上一页 1 2"
Transcy,3star,2026年3月19日,"I have been using Transcy for translation on my Shopify store for months, and the app itself worked decently for basic multilingual needs. However, in late January 2026, Transcy unilaterally changed my subscription plan WITHOUT my consent or any prior notification, upgrading me to a much higher tier"
Transcy,3star,2026年3月17日,"Hi there, This is Ben. I'm truly sorry to hear about that and understand how frustrating unexpected billing can be. Regarding your concerns, as follows: 1. Our pricing was ... 显示详细信息 编辑时间："
Transcy,3star,2025年5月19日,"Édit : finalement trop de problèmes j’ai dû arrêter d’utiliser l’app et la désinstaller malgré les heures passées dessus. Un bug gênant sur mon thème, les traductions que je rentrais manuellement était écrasé par une traduction automatique de mauvaise qualité L'app n'est pas évidente à prendre en ma"
Transcy,3star,2025年5月19日,"Hi there, This is Kieran from Transcy. Thank you for using and trusting us. Last but not least, we really encourage you to check our blog at https://onecommerce.io/blog/ for ... 显示详细信息"
Transcy,3star,2024年11月26日,"The app navigation is not the most intuitive, and manual translation almost always result in a coding error -- these two problems mean that I always have to contact their customer service, which is actually the strongest aspect of the app -- their chat is very active, and someone always responds in "
Transcy,3star,2024年11月28日,"Hi there, My name's Selina from Transcy. Thanks for comment about your experience when using Transcy and loving our support. With the coding error, it means the transcy ""tag ... 显示详细信息"
Transcy,3star,2023年6月3日,"Support war gut bis sehr gut, Qualität der KI Übersetzung allerdings mangelhaft. In unserem Fall ist viel nachzubearbeiten, sonst steht im Englischen schon nonsense da. Da wir nur englisch können, verzichten wir lieber auf weitere Sprachen die uns das System anbietet. Ca. 5-10% der übersetzten Wörte"
Transcy,3star,2023年6月6日,"Hi there, I'm Stephen and we sincerely apologize for this inconvenience - For AI translation, it's a known issue that we are using an AI Translation System including Google, ... 显示详细信息 编辑时间："
Transcy,3star,2022年7月5日,"UPDATE OF MY REVIEW *** The app is doing a great job. It is super easy to work with. My main reason for choosing Transcy are the unlimited words & pageviews! I had some technical issues in the beginnig, that sometimes seem to be bug-related – so I nearly switched to Weglot instead. But the support i"
Transcy,3star,2022年7月5日,"Hi Rebecca, Here's Emma. Thanks for your great review and your feedback about our support would be really meaningful to me. Rest assured that we will do our best to deserve ... 显示详细信息 编辑时间："
Transcy,3star,2023年1月18日,"I am not very satisfied with the App, because it can only translate 1000 products, in our shop there are more than 13000. It means that the remaining products are not translated for the seo and other functions. On the other hand, the assistance is excellent. Kind and competent staff. RacingBike 意大利 "
Transcy,3star,2023年1月19日,"Hi Carlo, I'm Bellamy from Transcy and thanks for your feedback In relation to your concern, we're aware that this limitation might affect your business demand so we're ... 显示详细信息 编辑时间："
Transcy,3star,2023年1月25日,"First 2 weeks: 5 stars: This is the best service I have ever received on an app. I was very shy with all the different translation apps, and in the end I choose this one because of the price and that you are not charged for the AI translation. I would suggest it is best to have your store base langu"
Transcy,3star,2022年10月31日,They ask you to review straight after you set up the account and I've had to come back an edit my review again now. I am a premium user and the app itself is indeed really helpful for me and I will continue to use it but it does have some issues. The customer service is very nice. Super nice. But so
Transcy,3star,2022年9月5日,"Hi Oliver, I'm Lauren and we sincerely apologize for your unexpected experience with our app Regarding to your main concerns as following: 1. For support skills regarding to ... 显示详细信息 编辑时间："
Transcy,3star,2023年5月27日,I uninstalled this app after using 10 months. So many issues occurred and made me so upset all the time. It was just the waste of time and money. But I would like to say thank you to Johnson. He was the only person who tried to understand the issue correctly and help me. But he was busy and not alwa
Transcy,3star,2021年5月1日,"Great customer service. A little pricey,but overall good. The website can improve a bit on manual translation - it can be easier with better editing features on the website. Sahathanee Shop 泰国 1天 人在使用应用 FireGroup"
Transcy,3star,2021年5月4日,"Hi Sahathanee, Here's William from Transcy - Translate Language and Convert Currency Support Team. Thank you so much for your comments, we're really happy to know that you ... 显示详细信息 1 2 3 下一页"
Transcy,3star,2022年5月27日,"At first when I started with this app it was really good (for a French translation), few words needed to be corrected but that was okay. Whenever I needed to correct a wrong translation, some bugs in the code appear and I had tags in the middle of my titles or texts. The team was amazing correcting "
Transcy,3star,2022年5月30日,"Hi there, This is Jocelyn. Thank you so much for feedback. Regarding to your issue, I have seen that one of my colleagues has sent you follow-up emails, please let them know ... 显示详细信息 编辑时间："
Transcy,3star,2022年11月22日,"Your customer support team and dev team are very helpful and efficient. We really appreciate your assistance. After using the app for months, we are able to manage most of the situations when using it, of course there are things of the app that need improvement, but with your hard work and good serv"
Transcy,3star,2022年4月4日,"Hi Peggy, My name's Vincent. We really appreciate your feedback and comment about your experience when using Transcy and loving our support. Also, I would be more than happy ... 显示详细信息"
Transcy,3star,2022年3月4日,"I like this app. The only thing is that there is now way to translate a word once on the entier website, I have to translate it everywhere it appears. Bourrienne Paris X 法国 9天 人在使用应用 FireGroup"
Transcy,3star,2022年3月6日,"Hi Valentine, Here's Oriana. Thank you so much for your review. Based on your concern, I seem not to catch your point clearly, as I have seen that my colleague is following ... 显示详细信息"
Transcy,3star,2022年1月31日,"support is nice and competent. unfortunately with 1000+ products, the app doesn't make sense (checkout not translatable, corrections not possible) Surfari Surf Shop 瑞士 2天 人在使用应用 FireGroup"
Transcy,3star,2022年2月1日,"Hi Roman, Here's Diego from Transcy - Translate Language and Convert Currency Customer Support Team and we're so sorry for this inconvenience that might have With your ... 显示详细信息 编辑时间："
Transcy,3star,2026年5月15日,"When it works, it works fine. But there are lots of flaws. More than before. While the prices keep increasing by a lot. Van De Zotte Perfume 荷兰 4年多 人在使用应用 FireGroup"
Transcy,3star,2022年1月13日,"Hi Joeri, This is Kieran from Transcy and we're deeply sorry for this inconvenience causing to your experience - Regarding to your issue, it was officially fixed on Jan 22, ... 显示详细信息 编辑时间："
Transcy,3star,2021年12月24日,---------------------------------------------------------------------------------------------------- NAIPO.de 德国 12天 人在使用应用 FireGroup
Transcy,3star,2021年12月15日,"Hi David, Here's Vincent from Transcy - Translate Language and Convert Currency Support Team. We sincerely apologize for this inconvenience causing to your store. We have ... 显示详细信息"
Transcy,3star,2021年8月19日,Just Started seems really good. Easy to operate and looks easy. I used other translate apps and it was not good. But this one I shall carry on using. I hope this helps customer. GOTA Records 日本 40分钟 人在使用应用 FireGroup
Transcy,3star,2021年8月19日,"Hi there, This is Donna from Transcy - Translate Language and Convert Currency Customer Support Team. Thank you so much for your review. However you left us with 3 star ... 显示详细信息"
Transcy,3star,2022年7月13日,越境ECを始めるためにこのアプリをダウンロードしました。とても素晴らしいサポートがあり、助かっています。まだまだ理解ができない部分が多くありますので、サポートを受けながら始めてみたいと思います。すこし、評価の記入を促すのが早いかと思います。 侶 TOMO 日本 12天 人在使用应用 FireGroup
Transcy,3star,2022年7月19日,"Hi there, I'm Scott. Thanks for your feedback about our app. We hope you have a good experience with our support team and Transcy app. Additionally, please spend your ... 显示详细信息"
Transcy,3star,2022年10月5日,"außer einige Schönheit Fehler, ok. Die Übersetzung schlägt fehl bei größere Texte, die Geo Location sollte nicht nur den Standort sondern auch die Lieferadresse berücksichtigen, weil sonst falsche Versandkonditionen benutzt werden, am besten sollte der Kunde wählen können vor den Check Out. Ikram Be"
Transcy,3star,2022年10月6日,"Hi Livio, I'm David from Transcy and we're sorry for any inconvenience causing to your experience Regarding to your issue as following: 1. As you mentioned ""The translation ... 显示详细信息 编辑时间："
Transcy,3star,2022年10月5日,Great app! Currency and language all in one solution. Love the fact that it changes language based on where the customer is located. Support is always there to help and replies are speedy! Will definitely recommend this app 05/10/2022 - Transcy recently had an update which resulted in some of my cur
Transcy,3star,2022年1月25日,"Hi Gidion, I'm Marcus from Transcy and we're sorry for any inconvenience causing to your experience In relation to your issue, around 2 months ago, we have updated our app by ... 显示详细信息 上一页 1 2 3 下一页"
Transcy,3star,2022年1月21日,"The app is quite intuitive and easy to use. I would still have liked to receive by email after the installation a short guide of the steps to properly install the application. However, I received help very quickly from Lisa to help me integrate the application into my theme (which is not supported b"
Transcy,3star,2022年1月24日,"Hi Sarah, This is Jocelyn from Transcy - Translate Language and Convert Currency Customer Support Team. Thank you for your review with our app. As usual, our app will ... 显示详细信息 编辑时间："
Transcy,3star,2022年5月11日,"App page is a little misleading. Says there is a free version, but it's only for stores under 60 days old and with less than 5 orders. No issue with the developers wanting to charge for their hard work, but if you're looking for a free appm this isn't it. houndhamper 泰国 3分钟 人在使用应用 FireGroup"
Transcy,3star,2022年5月10日,"Hi Michael, This is Justin and we're deeply sorry for your unexpected experience with our app In relation to your main concern about Free plan, we have Free plan, however ... 显示详细信息"
Transcy,3star,2024年4月8日,"Few issues with the app, and support is not that good. Casa Essentials 墨西哥 2个月 人在使用应用 FireGroup"
Transcy,3star,2024年4月9日,"Hi there, My name's Brian from Transcy and we're sorry for those inconvenience during using app For unexpected support from the agent, we will recheck their work carefully ... 显示详细信息 上一页 1 2 3"

=== Transtore (86 reviews) ===
Transtore,1star,2026年7月3日,ancien utilisateur pendant plus de 2 ans application de base gratuite quand j ai voulu l editer application devenue payant fuyez surtout que tres mal optimiser Legeekshop 法国 1年多 人在使用应用
Transtore,1star,2026年5月26日,"Your AI has no idea about the Italian language; the translation it's doing automatically is almost laughable if you're a native Italian. Fix it immediately, otherwise you'll look terrible. petifyfamily 意大利 20天 人在使用应用 Transtore"
Transtore,1star,2026年6月15日,"Hi Petifyfamily Store Admin, We are truly sorry to hear that the Italian translations did not meet your expectations, especially from the perspective of a native Italian ... 显示详细信息"
Transtore,1star,2026年8月7日,There is a fee for all tests. Puainta 美国 8分钟 人在使用应用
Transtore,1star,2026年5月20日,Scam!!! they called free to install this app after that they will ask you to choose a plan!!! Tinta Canvas 美国 24分钟 人在使用应用 Transtore
Transtore,1star,2026年5月25日,"Hi Tinta Canvas Store Admin, This is Chloe from the Transtore Team. I hope you are doing well. First and foremost, I would like to sincerely apologize for the confusion and ... 显示详细信息"
Transtore,1star,2026年2月4日,"Absolutely unacceptable. This app wiped out ALL my manual translations. I am beyond angry. This app completely destroyed days of professional, manually written translations without any warning or consent. After granting translation permissions, it automatically overwrote every single manual translat"
Transtore,1star,2026年5月20日,"Hi Dutch Heritage Cosmetics, We sincerely apologize for the frustration caused. We’d like to clarify that our app does not permanently delete manual translations from your ... 显示详细信息"
Transtore,1star,2026年2月20日,"App annoncée comme gratuite alors que ce n'est pas le cas. Il faut payer (meme une somme minime), pour avoir plus d'une langue. C'est assez mensonger de le présenter comme gratuit. Secrets de Bikers 法国 11分钟 人在使用应用 Transtore"
Transtore,1star,2026年2月21日,"Dear Secrets de Bikers admin, Thank you for your feedback. We would like to clarify that our pricing structure is presented clearly and transparently on our Shopify app ... 显示详细信息"
Transtore,1star,2025年12月18日,"The app is presented as free when it's not. Please don't get me wrong: I totally get why such apps would require a subscription, what I dislike is that you discover that you need to pay after having installed it. The 1 star is about this practice of presenting as free something that is not The free "
Transtore,1star,2026年2月9日,"Hi Baguette Magick store admin, We sincerely apologize for any inconvenience this situation may have caused. We would like to clarify that our pricing is clearly displayed on ... 显示详细信息"
Transtore,1star,2025年7月11日,"It's a really crappy app. The reviews must have been obtained through technological means. It can't translate anything, and there's no support. It wasted my whole day. RollerHouses 中国 6个月 人在使用应用 Transtore"
Transtore,1star,2025年7月18日,"Hi there, I sincerely apologize for any inconvenience you may have experienced. Since you haven't reached out to our support team yet, could you kindly share more details ... 显示详细信息"
Transtore,1star,2026年3月20日,no sirve JBjerseys.com 厄瓜多尔 17分钟 人在使用应用 Transtore
Transtore,1star,2026年5月26日,"Dear JBjerseys.com store admin, We’re very sorry to hear that you had a negative experience with our app. Upon review, we noticed that we have not yet received any support ... 显示详细信息 编辑时间："
Transtore,1star,2026年7月3日,"1 stella assolutamente meritata. Uso questa app da due anni e per tutto questo tempo era completamente gratuita. Di punto in bianco hanno deciso di renderla a pagamento, ma non in modo uguale per tutti: applicano criteri diversi da negozio a negozio. Una scelta poco trasparente e sinceramente molto "
Transtore,1star,2024年10月19日,"IF POSSIBLE TO LEAVE THEM -1000000 STAR I WOULDNT MIND A COMPLETE MESSED UP TEAM AND PEOPLE they asked to have access to my store to fix their app , they gave themselves the permission to delete my professional translation and keep my website with no translation, and then using their lousy app for a"
Transtore,1star,2024年10月29日,"Hi there, We sincerely apologize for the inconvenience caused and understand your frustration. After thoroughly investigating the issue, here's what happened: 1. Our ... 显示详细信息"
Transtore,1star,2023年9月22日,aucune rien ne fonctionne et j'ai pris le premium et télécharger chrome impossible de charger les langues qui m'intéressent Et aucune information simple bref j'espère que ce sera pas facture tous les mois merci Les Félicités 法国 2天 人在使用应用 Transtore
Transtore,1star,2024年1月22日,"Good morning, We're sorry to hear that you're having trouble with our app. We understand the importance of loading the languages you're interested in, and we want to solve ... 显示详细信息"
Transtore,1star,2025年11月20日,Free for one language! to publish another language is paid subcription. PrintingNest Studio 荷兰 39分钟 人在使用应用 Transtore
Transtore,1star,2026年2月9日,"Hi PrintingNest Studio admin, I sincerely apologize for any inconvenience you may have experienced. I’d like to clarify an important point that may have caused some confusion ... 显示详细信息"
Transtore,1star,2025年10月31日,"Said they would get me multiple languages, didn´t URMODS 挪威 大约1年 人在使用应用 Transtore"
Transtore,1star,2025年11月19日,"Hi there, I sincerely apologize for any inconvenience you may have experienced. It seems there was a misunderstanding. We have sent multiple emails to your address, but we ... 显示详细信息"
Transtore,1star,2025年10月28日,"Claimed to give free premium, doesn´t work, doesn´t respond to emails. VENTÙR 挪威 6个月 人在使用应用 Transtore"
Transtore,1star,2025年11月19日,"Hi there, I sincerely apologize for any inconvenience you may have experienced. It seems there was a misunderstanding. We have sent multiple emails to your address, but we ... 显示详细信息"
Transtore,1star,2025年10月27日,"Umulig ¨laste inn, Avelinecare DK 挪威 大约8小时 人在使用应用 Transtore"
Transtore,1star,2026年5月25日,"Dear Avelinecare DK store admin, We’re very sorry for the inconvenience you experienced while using our app. Could you please try reinstalling the app so we can continue ... 显示详细信息"
Transtore,1star,2025年10月26日,"gracias a este app, me esta colocando OUT OF STOCK a todos mis productos aun contando con stock en mi tienda, GRACIAS!!!!! NATURA-Q 比利时 4个月 人在使用应用 Transtore"
Transtore,1star,2025年11月19日,"Hi there, I sincerely apologize for any inconvenience you may have experienced. Since you haven't reached out to our support team yet, could you kindly share more information ... 显示详细信息"
Transtore,1star,2024年11月3日,"Why do I have to have my store automatically translated, which makes no sense because I have a professional translation? please fix the problem! GreenGears3D 德国 1天 人在使用应用 Transtore"
Transtore,1star,2024年11月4日,"Hi there, I sincerely apologize for any inconvenience you may have experienced. Since you haven't reached out to our support team yet, could you kindly share more details ... 显示详细信息"
Transtore,1star,2023年9月5日,I'm uninstalled the app but is still working on my website WAHA 埃及 33分钟 人在使用应用 Transtore
Transtore,1star,2023年9月6日,"Hi there, Our app utilizes the Theme App Extension provided by Shopify. Therefore, after uninstalling our app, there will be no residual code left on your store. Furthermore, ... 显示详细信息"
Transtore,1star,2023年6月12日,We need to first test it this functioning or not yet as i am unable to test it all steps not finished yet Gumazing 新加坡 37分钟 人在使用应用 上一页 1 2 3 下一页
Transtore,1star,2026年4月6日,NOT FREE AT ALL iGadget 美国 11个月 人在使用应用 Transtore
Transtore,1star,2026年5月25日,"Dear igadget store admin, We sincerely regret any confusion or frustration you may have experienced, and we appreciate the opportunity to address your concerns directly. We ... 显示详细信息"
Transtore,1star,2026年5月20日,"Scammy advertising. Listed as a free app but only allows 1 language for free. Once the app is installed, you need to register in an ""exclusive loyalty program"" that is just a trial version. The paid version uses old language models and is 15$ a month, more than competitors. Impressive refinement in "
Transtore,1star,2026年5月20日,"Hi there, We sincerely apologize for the experience you had and understand your frustration. We’d like to clarify that our app does offer a free plan with specific ... 显示详细信息"
Transtore,1star,2023年8月25日,I have just downloaded the App but cant see USD as currency in markets other than India. Not sure what value it is adding over and above what shopify provides. If you dont have anything extra in the free plan then dont have the free plan. I would have upgraded to paid plan if I liked it but dont wan
Transtore,1star,2026年5月25日,"Dear Indiehaat.com store admin, We sincerely apologize for the confusion and frustration caused during your experience with our app. After reviewing your setup, I can see ... 显示详细信息"
Transtore,1star,2025年10月24日,Says it's free buy you have to buy a plan when you open the app. Yankee Candle & WoodWick 荷兰 1分钟 人在使用应用 Transtore
Transtore,1star,2026年5月25日,"Dear Yankee Candle & WoodWick store admin, We sincerely regret any confusion or frustration you may have experienced, and we appreciate the opportunity to address your ... 显示详细信息"
Transtore,1star,2025年12月25日,"They promote that there is a free version. I installed it and it is only possible to use the native language and no translation in the ""free version"". You can literally do nothing. Just a waste of time. ValueShield 德国 3分钟 人在使用应用 Transtore"
Transtore,1star,2026年2月9日,"Hi ValueShield store admin, Thank you for sharing your feedback. We’re sorry to hear about your experience and appreciate the opportunity to clarify. We do offer both a Free ... 显示详细信息"
Transtore,1star,2025年10月9日,"listed as a free app, allows only 1 language for free. incorrectly advertised. others have listed with free plans available meaning 1 or 2 languages my be free but you have to pay for rest. this app is misleading customers to downloading TechnRest 英国 5分钟 人在使用应用 Transtore"
Transtore,1star,2026年5月25日,"Dear TechnRest store admin, We sincerely regret any confusion or frustration you may have experienced, and we appreciate the opportunity to address your concerns directly. We ... 显示详细信息"
Transtore,1star,2025年12月28日,NOT FREE ABEE 法国 2分钟 人在使用应用 Transtore
Transtore,1star,2026年2月9日,"Hi ABEE store admin, We sincerely apologize for any inconvenience this situation may have caused. We would like to clarify that our pricing is clearly displayed on the ... 显示详细信息"
Transtore,1star,2025年6月10日,Bikini Bottom - Swimwear 马提尼克 15分钟 人在使用应用 Transtore
Transtore,1star,2025年9月7日,"Hi there, I sincerely apologize for any inconvenience you may have experienced. Since you haven't reached out to our support team yet, could you kindly share more details ... 显示详细信息"
Transtore,1star,2024年10月20日,Wall Panels Pro 拉脱维亚 9分钟 人在使用应用 Transtore
Transtore,1star,2024年10月29日,"Hi there, Since we did not receive any prior support requests regarding this issue before your review, we would appreciate it if you could re-install the app and allow us the ... 显示详细信息 上一页 1 2 3"
Transtore,2star,2023年10月18日,"I personally don't think the AI translator is enough developed. It translates like Google translator would do and not like a AI should. Things like ""Home"" are translated literally which does not make sense and sound awkward. It translates in a very unnatural way. Also, the facf that ads come up all "
Transtore,2star,2026年5月25日,"Dear MonicagonzalezArt store admin, We sincerely apologize for the inconvenience and frustration you experienced while using our app. We completely understand your concerns ... 显示详细信息"
Transtore,3star,2026年6月9日,"I have not used it yet, but my hope is that this app will address my language-related issues so that more customers have access to the store. Modorra Store 美国 1年多 人在使用应用 编辑时间："
Transtore,3star,2025年11月23日,"Unfortunately, we are unable to synchronize the translated product titles into French/German to Google GMC Lkikos.com 英国 7个月 人在使用应用 Transtore"
Transtore,3star,2026年5月26日,"Dear Lkikos.com store admin, We sincerely apologize for the inconvenience you experienced. Our app translates storefront content dynamically without saving the translated ... 显示详细信息"
Transtore,3star,2023年8月27日,The toggle to switch on currencies is a bit delayed and was confusing. I wasn't entirely sure if it had gone through so clicked again which ended up turning it off JAN VILJOEN PASTORAL COUNSELLING BUSINESS 南非 8分钟 人在使用应用 Transtore
Transtore,3star,2023年8月28日,We apologize for any confusion this delay may have caused you. We are pleased to inform you that an update addressing this concern is in the final stages of development and ... 显示详细信息
Transtore,3star,2024年12月1日,"tot nu toe is het een super app, makkelijk en duidelijk in gebruik Masters of Shilajit official 荷兰 5天 人在使用应用 Transtore"
Transtore,3star,2026年5月26日,"Dear Masters of Shilajit official store admin, Thank you so much for your feedback and for taking the time to leave us a review. We’re very happy to hear that, so far, you ... 显示详细信息"
Transtore,3star,2024年11月28日,the geolocation is not working for me Jersey Plug 卢旺达 大约1小时 人在使用应用 Transtore
Transtore,3star,2026年5月25日,"Dear Jersey Plug store admin, We’re very sorry to hear that the Geolocation feature is not working properly on your store. Could you please try reinstalling the app so we can ... 显示详细信息"
Transtore,3star,2023年12月23日,"Seems ok, but i get error saying store admin key is invalid. CONNECT 挪威 大约21小时 人在使用应用 Transtore"
Transtore,3star,2026年5月25日,"Hi CONNECT store admin, We’re very sorry for the inconvenience caused by the “store admin key is invalid” error. Could you please try reinstalling the app and testing again? ... 显示详细信息"
Transtore,3star,2023年3月5日,"How is Transtore supposed to work? I just add an language, click the translate button and within 5 Seconds it says translated. Can't be that fast to translate the entire site. What exactly does it translate? I was able to add 20 languages I have translated in another app Langshop. Maybe that's why i"
Transtore,3star,2026年5月25日,"Hi Inclusive Inc store admin, I’m sorry for any confusion caused, and I’d like to clarify how Transtore works, as it may be different from apps like Langshop. Transtore ... 显示详细信息"
Transtore,3star,2025年3月12日,nice souk-dubai 法国 大约1小时 人在使用应用 Transtore
Transtore,3star,2026年5月26日,"Dear souk-dubai store admin, Thank you for taking the time to leave us a review. We truly appreciate your support. We’re glad to hear that your experience with the app has ... 显示详细信息"
Transtore,3star,2023年10月20日,"Geolocation! I need clarification on using your app... but for full use, I need to write a review to get it working? cfcbait 丹麦 大约1小时 人在使用应用 Transtore"
Transtore,3star,2026年5月25日,"Dear cfcbait store admin, We sincerely apologize for any confusion or inconvenience caused. We would like to clarify that you can absolutely use the app without leaving a ... 显示详细信息"
Transtore,3star,2023年8月15日,"Seems alright so far. I wish there was an option to translate specific words.. Also to get more options, I have to write a review... Will update more later. Shoprifty 以色列 大约2小时 人在使用应用 Transtore"
Transtore,3star,2026年5月25日,"Dear Shoprifty store admin, We sincerely apologize for any inconvenience or negative experience you had with our customer service. Regarding your concern about excluding ... 显示详细信息 1 2 下一页"
Transtore,3star,2025年3月3日,"задачу свою виконує, але валюти перераховються на кожній сторінці. переклад не всюди чудовий. адаптація для мобільного погана. виглядає наче зломаний сайт Taton.shop 乌克兰 大约3小时 人在使用应用 Transtore"
Transtore,3star,2026年5月26日,"Dear Taton.shop store admin, We sincerely apologize for the inconvenience and experience you had while using our app. We understand your concerns regarding the currency ... 显示详细信息"
Transtore,3star,2025年7月5日,easy to use app....still trying to work out if it's a user error os an app error why the translations aren't coming through Great British Clean Up 英国 20分钟 人在使用应用 Transtore
Transtore,3star,2026年5月26日,"Hi Great British Clean Up store admin, We’re sorry to hear that you are experiencing issues with the translations not appearing properly. We noticed that we have not yet ... 显示详细信息"
Transtore,3star,2023年7月13日,We have to rate this app in order to become a loyalty member to then get access to the geolocate feature which we need. So can't give an review until we have left this review and tested it MicroAvionics 英国 大约3小时 人在使用应用 Transtore
Transtore,3star,2026年5月25日,"Dear MicroAvionics store admin, We sincerely apologize if the experience caused any confusion or frustration. Over the past few years, our app has continuously evolved and ... 显示详细信息"
Transtore,3star,2023年10月18日,App looks good but mobile version could be better Satoshi Heritage 德国 33分钟 人在使用应用
Transtore,3star,2026年1月19日,Evané 加拿大 1天 人在使用应用 Transtore
Transtore,3star,2026年5月26日,"Dear Evané store admin, Thank you for taking the time to leave a review for our app. We truly appreciate your support and feedback. We noticed that your review did not ... 显示详细信息"
Transtore,3star,2023年10月5日,Ferent Bags 西班牙 大约10小时 人在使用应用 Transtore
Transtore,3star,2026年5月25日,"Dear Ferent Bags, Thank you for taking the time to leave a review for our app. We truly appreciate your feedback and support. We noticed that your review did not include ... 显示详细信息 上一页 1 2"

=== Weglot (109 reviews) ===
Weglot,1star,2026年7月25日,"Impossible to give more than one star. I spent over an hour trying to set up this app. Even after following all the instructions, the warning messages kept appearing despite everything being correctly enabled in Shopify. The interface is confusing, the setup process is not intuitive, and the app fee"
Weglot,1star,2025年11月29日,la traduction de notre site n est pas vraiment bonne et le cout est très chère si on compare a d'autre service . leur service me coute 140$ par mois Bollard canada inc 加拿大 接近4年 人在使用应用 Weglot
Weglot,1star,2026年3月17日,Merci pour votre feedback. Nous sommes désolés d’apprendre que votre expérience n’a pas été à la hauteur de vos attentes. Nous avons pris contact afin de mieux comprendre les ... 显示详细信息
Weglot,1star,2025年11月25日,"I would have given it 0 stars if that were possible. This app was recommended by an agency, but they clearly haven’t used it much. Translating our mega menu is impossible. The default translations are catastrophic, Google Translate does a better job. And when you need to make changes, it’s only word"
Weglot,1star,2026年1月12日,"Hi Dr. LEVY, Thank you for sharing your feedback. We’re genuinely sorry to hear about your experience and understand how frustrating this situation was for you. Following ... 显示详细信息"
Weglot,1star,2025年11月21日,"La pire app que j'aie utilisée. Pour qu'elle fonctionne, il faut changer les DNS de ma boutique. Résultat : quand j'ai désinstallé l'app, et que j'ai voulu remettre les DNS d'origine, cela a créé un problème technique majeur qui a rendu ma boutique inaccessible pendant une journée, et m'a fait perdr"
Weglot,1star,2026年1月5日,"Bonjour, Merci pour votre retour. Nous sommes sincèrement désolés pour les difficultés rencontrées et pour l’impact que cela a pu avoir sur votre boutique. Pour clarification ... 显示详细信息 编辑时间："
Weglot,1star,2026年8月5日,"***NOT RECOMMENDED AT ALL*** It's been 8 days since the Weglot app developed a technical issue preventing Google Ads from properly crawling all our product pages. No solution has been provided. The technical support is beyond terrible. I've never experienced anything like this. For the past 8 days, "
Weglot,1star,2025年7月10日,"It's the worst app I've used. The website loads with no texts, then all the text appears after 3-4 seconds. Also, I deleted the app and since I have to change my DNS a records for this tool, now my website is not working at all... I never saw an app with a worst setup and execution. And for $32, is "
Weglot,1star,2025年8月25日,"Hi Marius, We’re really sorry to read your review and genuinely regret that your experience with Weglot started off on the wrong foot. As soon as we became aware of the issue ... 显示详细信息"
Weglot,1star,2025年4月9日,"1-Star (Wish I Could Give 0) – Deceptive Billing & Unauthorized Charges I canceled my subscription two months ago, yet I’m still being charged 325/ month. When I signed up I picked the 39/month Business plan, but the platform automatically enabled a hidden ""Volume Upgrade"" option—something I never n"
Weglot,1star,2025年4月10日,"Hi there, We're really sorry to hear about your experience and completely understand how frustrating this situation must feel. We want to clarify that our Auto-Upgrade ... 显示详细信息"
Weglot,1star,2025年1月20日,Ils te font encore payer même quand tu désinstalle l'appli. Je ne sait même pas comment arrêter la domiciliation...Appli pas terrible en plus de ça. MigrainMiracle 比利时 10天 人在使用应用 Weglot
Weglot,1star,2025年2月17日,"Bonjour , J'ai le plaisir de vous contacter au nom du Support de Weglot et j'espère que vous allez bien. Je vous remercie pour l'avis que vous avez posté, et je suis ravi de ... 显示详细信息"
Weglot,1star,2025年1月15日,"Terrible app. You manually translate content on their platform, but the changes never reflect in your store. Their support team constantly tries to shift the blame, claiming it's an issue with Shopify or other apps, but never their fault. Truly disappointing. Carpathian Jerky 罗马尼亚 2个月 人在使用应用 Weglot"
Weglot,1star,2025年3月11日,"Hello, Thank you for taking the time to write a review of Shopify. We are sorry that you went through a difficult experience as you expressed in your review. In fact, we are ... 显示详细信息"
Weglot,1star,2024年6月27日,"Don't install this app, super expensive, and also I have deleted it and it still on my site. CAUTION: WILL LEAVE CODE AFTER UNINSTALLING!!! Swedishness 瑞士 7个月 人在使用应用 Weglot"
Weglot,1star,2024年10月22日,"Hi, Weglot Support here. I hope you're doing well. Thank you for taking the time to write a review on Shopify. About the leftover code, note that now Weglot is able to remove ... 显示详细信息 1 2 3 4 下一页"
Weglot,1star,2024年4月3日,WORST EXPERIENCE EVER. SO MUCH DAMAGE ON MY STORE AND INCOME LOSS!!! They don’t take any accountability for the mess they make. My website is down already for 7 days!! I am receiving an error because they messed up my DNS completely and now globally my website is down. I contacted my domain name pro
Weglot,1star,2024年4月16日,"Hello, Thank you for taking the time to write a review of Shopify. We had a chance to discuss further the issue you experienced, and finally it was decided to disable the ... 显示详细信息"
Weglot,1star,2024年2月11日,"We dont recommend Weglot. Its really unstable and has much bugs and make MUCH EXTRA WORK. When you make translations, they dont appear in the webshop. We sell globally high quality electronics and it makes it harder so we are trying to find an another service. Joy Planet Finland 芬兰 大约1年 人在使用应用 Weglo"
Weglot,1star,2024年2月26日,"Dear Joy Planet Finland, We appreciate you sharing your feedback about Weglot, and we apologize for any inconvenience you've experienced. We understand the importance of a ... 显示详细信息"
Weglot,1star,2024年1月27日,My website is down due to the instructions of weglot. For the subdomains they said to make changes in DNS which has caused my erbosteste not work anymore. I can’t get any sales anymore. I have submitted tickets since yesterday and haven’t received even one reply. I don’t know if I should sue for dam
Weglot,1star,2024年2月20日,"Hello, Your insights are invaluable, and we are committed to addressing the issues you've raised to enhance our overall customer experience. After taking a look at your ... 显示详细信息"
Weglot,1star,2024年1月16日,The app start pushing you to increase plan constantly even if you don't put anything new translated words increase. Rather than this is not comfortable to put manual translation because is necessary to check and correct some translation. SPOON GMBH 德国 29天 人在使用应用 Weglot
Weglot,1star,2024年1月25日,"Dear SPOON GMBH, I hope you are doing well. I wanted to reach out to you regarding the recent feedback you provided, expressing dissatisfaction with the increase in word ... 显示详细信息"
Weglot,1star,2023年12月14日,Terrible customer service. We had a small bug and the solution they offered deleted all our manual translations and thus made weeks of work go to waste. Also slows down your website a LOT. PlusGear 奥地利 接近2年 人在使用应用 Weglot
Weglot,1star,2023年12月19日,"Dear User, I want to express my sincerest apologies for the inconvenience and frustration you encountered due to your recent experience with our service. Your feedback ... 显示详细信息"
Weglot,1star,2023年10月26日,"Does not translate the checkout page anymore since Shopify rolled out the One page checkout. Did not even bother notify the customers about it. No solutions found, team useless. Now the checkout page displays in French for all our worldwide customers. Great ! DeMurin 法国 4年多 人在使用应用 Weglot"
Weglot,1star,2023年12月19日,"Hello, I want to extend my deepest apologies for the inconvenience and frustration caused by the recent issues you encountered with our service, particularly regarding the ... 显示详细信息"
Weglot,1star,2025年12月7日,I've uninstalled weglot app but still be charged in the next month. Paper Shoot Official 美国 大约1个月 人在使用应用 Weglot
Weglot,1star,2026年1月12日,"Hi, Thank you for taking the time to share your feedback, and we’re sorry for the confusion this caused. Uninstalling the Weglot app does not automatically cancel the ... 显示详细信息"
Weglot,1star,2025年11月18日,how can you have a customer service that don't work on weekend and close before 6pm (Paris time) during the highest season aka q4 in Ecom ???????????????????????????????????????????????????????????????????????????????????????????????????????????????????!!!!!!!!!!!!!!!!!!!!!!!!!!!!!!!!!!!!!!!!!!!!!!!
Weglot,1star,2026年1月5日,"Hello, Thank you for taking the time to share your feedback. We’re sorry for the frustration you experienced initially. Our team worked with you to investigate the issue and ... 显示详细信息"
Weglot,1star,2024年9月6日,WEBSITE DELETED!! DONT USE THIS! I deleted the Weglot app on my 8-figure store and my ENTIRE WEBSITE was deleted. I lost over $100K+ because of this APP. DON'T USE THIS APP! WEGLOT WILL DELETE YOUR WEBSITE Icecartel 美国 4天 人在使用应用 Weglot
Weglot,1star,2024年10月22日,"Hi, Weglot Support here. I hope you're doing well. First of all, thank you for taking the time to write a review on Shopify. It seems that Weglot deleted only the project in ... 显示详细信息"
Weglot,1star,2023年11月1日,"Even though I uninstalled it, the charges continue. Subscription scam? ROOTOTE GALLERY_EDITION 日本 大约3年 人在使用应用 Weglot"
Weglot,1star,2024年1月23日,"Hi ROOTOTE GALLERY_EDITION, We are sorry to hear you had an issue with Weglot. We manage subscriptions the same way you do on your phone. You need to cancel your plan when ... 显示详细信息 上一页 1 2 3 4 5 下一页"
Weglot,1star,2023年6月20日,"""Unknown error, please contact Weglot support at support@weglot.com. Sorry for the inconvenience."" I paid a fee and tried to use it, but the message above appears and I cannot log in. PRIME MUSE 日本 4天 人在使用应用 Weglot"
Weglot,1star,2023年6月22日,"Hello, Thank you for taking the time to write a review of Shopify. It sounds like your experience with Weglot can be improved, and we would be happy to help you, as best we ... 显示详细信息"
Weglot,1star,2023年5月18日,"bad application, overpriced and once you hit over 1 million words, they charge you over 2000.00$ per year. On top of that, I removed the app. almost 2 years ago and still have tags and scripts that mess up my URLs and redirect to 404 dead links. Noone had the decency of reaching out to us to tell us"
Weglot,1star,2023年5月22日,"Hello, Thank you for taking the time to write a review of Shopify. It sounds like your experience with Weglot can be improved, and we would be happy to help you, as best we ... 显示详细信息"
Weglot,1star,2023年4月19日,Horrible Support. I don't know how a paid app can't have a chat feature. This is an absolute Joke. It has been over 2 weeks since i am using this PAID app and things still hasn't been solved. Now i face another issue with my feed translation. This is seriously the app which gives me the most headach
Weglot,1star,2023年4月20日,"Hi, Thanks a lot for taking the time to write a review. It seems that your experience with Weglot can be improved, and I'd be glad to help you improve your experience with ... 显示详细信息"
Weglot,1star,2019年7月3日,I used this for 8 months app and rarely spend the time to write a review. Here is what I found: 1) Why should we extra to see if this app is really working as they charge for the analytics.? LOL If most of your customers are within North America then this is waste of time as it will slow your load s
Weglot,1star,2019年7月4日,We are sorry to hear you feel this way and attempted to work with you and explain everything in detail as we value our users. 1)We tried our best to explain to the user how ... 显示详细信息 编辑时间：
Weglot,1star,2019年12月4日,"Bad app. Bad support. Wanted to translate to Arabic with right to left layout The app messed up my website layout (for the translated language only) I contacted support asking them to correct these changes. Karina responded with a silly email telling me they cannot ""redo a site"" for me. I chose anot"
Weglot,1star,2019年12月4日,"Update: Thanks again for your second response but if you wish to settle this matter, We recommend you email us back directly as it seems your responses are geared to hurt ... 显示详细信息"
Weglot,1star,2020年2月4日,"Even I have uninstall the app, the button (which is not functional anymore) still keep appearing on the website, don't know how to get rid of it! Jolie Femme Fashion Store 香港特别行政区 1年多 人在使用应用 Weglot"
Weglot,1star,2020年2月4日,We are sad to see a 1-star rating as we can easily help you remove the button or you can do it yourself with this doc: https://support.weglot.com/article/127-shopify- ... 显示详细信息
Weglot,1star,2020年2月27日,"attention quand vous enlevez l application il continu a prendre votre argent, de plus ca fonctionne juste pour la base de shopify Kustom Sportswear 加拿大 接近3年 人在使用应用 编辑时间："
Weglot,1star,2020年3月17日,"I have been using this app for a while and now I will be uninstalling it. It basically doesn't work well and it translates only partially. It also adds strange characters to the translation lists, increasing your word count so that you have to upgrade to a bigger plan. Customer support doesn't respo"
Weglot,1star,2020年3月18日,We are sorry you feel this way but asking you to contact us if you are having issues is not in any way blaming you. It is normal to ask a user to contact us if they do not ... 显示详细信息
Weglot,1star,2020年7月2日,Very bad experience and many problems from weglot app. Very disappointed. It's many other good multilingual apps you can use. Lamps4makeup 爱沙尼亚 12个月 人在使用应用 编辑时间：
Weglot,1star,2020年9月29日,"20 bucks a month for that is pure scam. The app is full of bugs, it changes things you already corrected, the glossary isn't working properly. I've spent a lot of time of my translation due to this bad app and I'm not even done. And, there are also some pages that are only partly translated. This is"
Weglot,1star,2020年9月29日,"Hello, As a reputable company with over 50k users, we place zero interest in trying to scam any of our users. We would be happy to help you out as I see you had not reached ... 显示详细信息 上一页 1 2 3 4 5 下一页"
Weglot,1star,2021年10月12日,"The app caused a bug whereby clients were not able to add to cart their products. Every time a customer selected a product to the cart, it said the cart is EMPTY. The support team was hard to reach, arrogant and took weeks to fix it and did not FIX a thing. Had to DELETE the app. BEWARE! Korilane 爱沙"
Weglot,1star,2021年10月12日,"Hello, We are sorry to hear you did not have a good experience with Weglot. After taking a look at your email interaction with the support team, they went above and beyond in ... 显示详细信息 编辑时间："
Weglot,1star,2021年11月5日,in fact I'd rate negative -5 star. Do not use this app. they will upgrade you a higher plan without your permission. I have been charged for extra 30euro for more than a year without my permission. Little Bae 香港特别行政区 1年多 人在使用应用 Weglot
Weglot,1star,2021年12月13日,"Hi Little Bae, We are sincerely sorry about the negative experience you encountered. I am so sorry but we couldn't find an upgrade done on our part but rest assured we ... 显示详细信息"
Weglot,1star,2022年7月11日,"The automatic translations often don’t make any sense. The words are translated but you will have to go over the translations to make sure they are correct. Once you have done all this, weglot will continuously over write all your hard work over and over again with the translation that makes no sens"
Weglot,1star,2022年7月12日,"Hi Arteflame, We’re sorry to hear that you are dissatisfied with Weglot and will take your feedback into consideration as we move forward in our work. Keep in mind, Changing ... 显示详细信息"
Weglot,1star,2023年2月23日,Application chère et qui vous oblige à monter systématiquement en forfait. Il vous compte les mots que vous traduisez vous même dans le forfait! Je viens de changer à Langify et j'en suis très contente (17euros par mois). Sinon j'ai hésité avec la nouvelle application de Shopify est gratuite (transl
Weglot,1star,2023年3月2日,"Bonjour, Nous vous remercions d'avoir pris le temps d'écrire cet avis. Lorsque vous désinstallez l'application Weglot de votre admin Shopify, un email est envoyé sur l' ... 显示详细信息"
Weglot,1star,2022年12月24日,"Do not use this app, it never translates my company name properly. Every single time I add a new product, I must open the app and fix the way that my company name is spelled. It can't even translate the word ""meters"" properly. I have changed specific words so many times it feels like at this point t"
Weglot,1star,2022年12月26日,"Hi زخــارف, Thank you for taking the time to write a review. I am so sorry to hear about your negative experience. We’d like to know more about your situation, but we cannot ... 显示详细信息"
Weglot,1star,2018年3月13日,"One of the mist dissatisfying apps ever used.. - Does not translate the right things entering - After asking for support, explaining in 5 mails, it still was unclear. - After finally get it on the right pages, it does translate horrible and miss out words everywhere, which makes you still have to ma"
Weglot,1star,2022年3月16日,I do not recommend the use of this app. It has misconfigured the details of the products and now the invoices do not come out right and the support has been unable to solve it. Pretty bad support. Carnes Campoverde 西班牙 5天 人在使用应用
Weglot,1star,2022年6月30日,"Extremely disappointed. SEO translations work bad, Media translations do not work at all. So at first everything looks kinda OK. But when you deep into it, you realize how bad the whole situation is. First -- SEO translation. You can translate meta tags, but it is really hard to find them in the lis"
Weglot,1star,2022年5月15日,"I still can't feel how good it works, now I have spent a lot of time, but still not set it up well, many settings make me feel confused and difficult, I am already very tired, should I give up? 。。。。 reported ti them 2 days with fews email still can't solve the problem, finally i deleted WELGOT WGCSh"
Weglot,1star,2024年10月16日,Tooo expensive!!! LARIETTE 罗马尼亚 7天 人在使用应用 Weglot
Weglot,1star,2024年10月22日,"Hi, Weglot Support here. I hope you're doing well. First of all, thank you for taking the time to write a review on Shopify. I perfectly understand that our product seems to ... 显示详细信息 上一页 2 3 4 5 下一页"
Weglot,1star,2025年11月16日,"UPDATE - MY WORST IN FIVE YEARS OF SHOPIFY The app does not work with shopify markets, I advertise for nothing, the site is not stable and the check out broken most of the time because of weglot. The customers service says it works. If I could put less than 1 star I would do it. Minus 100 stars. Sto"
Weglot,1star,2026年6月30日,"Hi Fleur, We're sorry to see that your experience didn’t meet your expectations. We spent a significant amount of time working together on your Shopify configuration, ... 显示详细信息"
Weglot,1star,2024年6月6日,Often bug for the price translation. NOT recommended at all! Very stupid app Wonder Stable 法国 6个月 人在使用应用 Weglot
Weglot,1star,2024年6月17日,"Hi There, Weglot Support here, we hope you're doing well. First of all, thank you for taking the time to write a review. I perfectly understand that our product seems to ... 显示详细信息"
Weglot,1star,2021年6月25日,"Weglot Cons, found with my experience: - for 3 languages ​​with url slug you need the advanced plan and the cost is $ 2,400 / year (higher price than the competition) - payment only by credit card, paypal or other services are not accepted - unmanageable language change customization (does not work "
Weglot,1star,2021年10月15日,"I am copy-pasting a response by Customer Service that should save you from installing this app: ""We are open Monday - Friday 9 am to 6 pm (Paris Time). Please avoid sending a follow-up email until you have heard from us as this will push your request to the back of our queue."" So now I am left for o"
Weglot,1star,2021年10月18日,"Hi PATA PAW, We are sorry to see you had issues with Weglot. We like to provide our users with top-level support and therefore choose to not outsource our team. This is why ... 显示详细信息 编辑时间："
Weglot,1star,2024年4月2日,"I come to express my total dissatisfaction with this application. If I had known it was so bad, I would never have chosen this application to translate my 2 websites... Wegolt problems that are only noticeable after some time dealing with the application... Weglot is a program in which its cost is p"
Weglot,1star,2022年7月12日,App is not compatible with native functions of the Split theme and the support team luckily responds with a message every few hours to ask for more explanation then do nothing about it. After 6 hours of trying to integrate the native language selector of the theme with this app i keep asking the sup
Weglot,1star,2022年7月12日,"HI, We are so sorry to see you had all the struggles but after a quick review, I can see our team continued to respond to you with no answer. We sent a total of 4 responses ... 显示详细信息"
Weglot,1star,2022年9月10日,"After installation the app lead to a mixture of languages. So when you switch the language, part of the text has not switched. Now I have to rewrite all the product descriptions manually after deinstallation of the app. ProDicer 德国 4天 人在使用应用 Weglot"
Weglot,1star,2022年9月23日,"Dear ProDicer, We are sorry to hear that you have had such a negative experience. Our team is dedicated to providing excellent customer service, and we strive for 100% ... 显示详细信息"
Weglot,1star,2026年3月17日,this app is so ass it doesn't even let me login wow y'all really dont wanna have my money Norye 奥地利 6分钟 人在使用应用
Weglot,1star,2024年10月15日,"the app is not working properly, I have paid for Pro license and I am dissapointed with the customer support received S10Home 英国 8个月 人在使用应用 Weglot"
Weglot,1star,2025年3月11日,"Hello, Thank you for taking the time to write a review of Shopify. We are sorry that you went through a difficult experience as you expressed in your review. We always to ... 显示详细信息"
Weglot,1star,2026年1月9日,RunningUpscale.com 英国 大约2个月 人在使用应用 Weglot
Weglot,1star,2026年3月17日,"Hello Said, We’re sorry to see your review and that your experience with Weglot wasn’t satisfactory. We haven’t been able to connect with you yet regarding this, and we’d ... 显示详细信息 上一页 3 4 5"
Weglot,2star,2024年11月14日,App was working well even though setup is not easy if you have a complicated local structure. Suddenly something broke in the DNS. Our site went down for over 48 hours and the Support Team were exceptionally poor. We have moved away from the app which was a great idea but expensive in the end and un
Weglot,2star,2024年1月19日,"Unfortunately we now have an ugly language switcher which we can not move anywhere because we get an error whenever trying to use the visual builder. Losing money on ads, and no direct chat function.. Pelle Cosmetics 荷兰 5个月 人在使用应用 Weglot"
Weglot,2star,2024年1月23日,"Hello Pelle Cosmetics, I'm sorry to hear that you're currently experiencing issues with the language switcher. I want to assure you that we're here to help resolve this ... 显示详细信息"
Weglot,2star,2023年11月28日,"CAREFUL - hidden quotas and Checkout is not translated I have used several translation apps in the past and wanted to see what Weglot offers, they charge pretty much the highest fees of all of them, so you might think that they offer the best service and product. I have a store that used to run in 2"
Weglot,2star,2026年6月17日,"I have been using this app for almost 5 years. Would I use it again for a new brand? Probably not. There are too many complex issues when it comes to Shopify Markets and backend translations. And when you need customer support the most, you often have to wait 5 to 6 hours just to get a response by e"
Weglot,2star,2019年7月24日,Update: the pricing of the app is outrageous. We're paying 49 Euro for automatic translation to ONE language. Which already seems too much. But they claim that we reached the allowed word count and the next plan is 150 EAURO a month. WHAAAAT?! 50 euro a month for ONE language + half of the site is n
Weglot,2star,2019年9月21日,"Only 2000 words on the free plan. That means each time a word is loaded on the screen it counts towards the 2000 words. A couple of users on your site can go through that in a few minutes and after that, it doesn't even keep the manual translations after you fixed all the terrible machine translatio"
Weglot,2star,2020年2月4日,I am not happy with the app for many reasons. I think it is not worth the price. The costumer service is a bit rude... IAIOS 西班牙 8个月 人在使用应用 Weglot
Weglot,2star,2020年2月4日,"Hi there IAIOS, After reviewing the exchanges with the support team, we are surprised as we extensively helped out to help you understand any questions you had about Weglot. ... 显示详细信息"
Weglot,2star,2021年12月22日,"We tried to make Weglot work for about 6 months but new problems kept coming up... The biggest issue - we simply could not get product translations to work properly and consistently on the cart page and checkout page. Backend got super messy, because even though automatic translation was turned off "
Weglot,2star,2022年3月4日,"Good app, interesting to have the store translated immediately. Good customer service when you are an active user. But with an important problem: If you do a lot of dynamic translation, it slows down the page speed a lot without any other solution from the technical support than to delete dynamic tr"
Weglot,2star,2020年1月31日,"Expensive. The interface is easy to manage and the set up as well. Unfortunately, it becomes very expensive quite fast. Also, you cannot download your translations if you want to migrate to another platform. Teaology Skincare 加拿大 4个月 人在使用应用"
Weglot,3star,2025年7月26日,"Updated comment:After testing a couple of other applications, I have to admit that Weglot is by far the fastest and easiest when it comes to actual translation. This is thanks to its unique way of handling translations virtually, so your pages are instantly available in other languages. The glossary"
Weglot,3star,2024年8月27日,Poor switcher customize options and not great support. Hidden Hills 荷兰 3个月 人在使用应用
Weglot,3star,2020年6月16日,"This app is good for translating your website to different languages using Google Translate. Therefore, expect clunky and weird translation as you would expect from Google Translate. This may work for some, but not for others. You may want to look into just manually translating your key pages to sou"
Weglot,3star,2021年11月25日,"Overall, I think the options and speed of the app are very good. Also, the option that you can translate the URLs is amazing - especially for SEO purposes. It is a great way to scale internationally for any webstore. What I do definitely not wish to anyone is switching from Langify to Weglot. It is "
Weglot,3star,2022年4月20日,"3Jahre Nutzererfahrung, 3 Years User expereince. [Englisch translation below.] . Ich habe Weglot 3 Jahre lang benutzt, es ist ein eher zuverlässiges Tool, ABER die Preisgestaltung und der Benutzerfreundlichkeit beim Übersetzen haben mich dazu gebracht es wieder zu deinstallieren. Damit du verstehst "
Weglot,3star,2018年9月25日,"Basically i went to editing and translated everything myself. Machine translated all text wrong, i had to correct everything. What was confusing is that in the editor pages didn't came up at the same time. So next day i had more things to edit. Imagine if customer see all that poor translation. Le T"
Weglot,3star,2019年12月27日,"The app does its job and is generally easy to use, but setting up dynamic content or text that doesnt have a direct translation in another language is a nightmare, e.g. mobile vs. desktop menu or legal texts with different lengths in each language. Support is very quick to respond and helpful, but i"
Weglot,3star,2021年3月31日,"Attention, cette application est modifie automatiquement votre plan si vous dépassez le nombre de mot à traduire et vous prélève sans votre accord des 100aines d'euros. Le remboursement serait en cours de leur part mais je trouve cette pratique inacceptable, la modification d'un plan et le fait de p"

=== langify (50 reviews) ===
langify,1star,2026年7月7日,"Support team can't be reached, sent three message already over the span of two weeks and never heard back. Please get in touch with us! BAGS & PIECES 德国 大约1年 人在使用应用"
langify,1star,2026年1月9日,"Warning to Shopify Users About Langify I want to share my experience so others don’t waste their time or money. Langify might look like a convenient translation app for Shopify, but in reality it caused nothing but problems for my store. When you switch to another language, the page automatically ju"
langify,1star,2026年1月12日,Thank you for your feedback. We would like to correct this review. You were in contact with our support team over a longer period of time. The issue concerned the use of ... 显示详细信息
langify,1star,2026年1月6日,"Translated Policies with the app to German and French. For an app that praises it’s own legal accuracy, the mistakes are horrible. The justification that the app enables manual updating is not an argument. I speak several languages and am versed in international legal documents. This is not an app i"
langify,1star,2024年4月11日,"Extremely slow, no integration with Pagefly and 'static section' is connected to 1 theme, so for development it's a nightmare. Support is friendly. Neofollics 荷兰 大约1年 人在使用应用"
langify,1star,2023年6月8日,"It's with deep sadness that I write this review having been a customer for many years. Please don't install this app until the developer fixes this one major issue. You can not filter archived or draft products. Instead, you have to pay for words you are not going to use costing you $10,000's in our"
langify,1star,2021年8月11日,"Never again Langify! The worst translation app ever. Hands off! Many translations are simply not working, as the app is not capable to deal with customised shops/themes. Spent hours and hours on this app. Totally frustrating and not worth the money. Oliver Heemeyer - maker of fine jewellery 奥地利 1年多 "
langify,1star,2021年8月12日,"Totally understand your frustration but as our support Team already explained, this was an issue on shopify's end that simply prevented theme translations from showing up ... 显示详细信息"
langify,1star,2022年7月20日,"I am sorry, but this really is the worst app on the shopify market. Incredibly slow, but the worst thing ist the auto translate functionality. The app has translated our native language. Perfect texts were turned into shit. We had to manually update all texts again. No option to revert auto translat"
langify,1star,2022年5月6日,Terrible customer support. The translations of our main market are down for 3 weeks due to a technical issue on Langify side. The customer service takes too long to respond to a critical topic that was even caused by an update on their side. We are losing business and they don't seem to even care ab
langify,1star,2022年4月22日,Very disappointing. Very slow and now we have been translating from Spanish to English for 3 hours and my Spanish website is half in English. It is really frustrating and time consuming when a paid application has to work without compromising the work already done. I do not recommend it at all. Bran
langify,1star,2022年3月17日,"horrible. tried it twice. glitchy both times. after customizing and saving settings, the customizations still didn't show properly. you also have to go in to each product and details to translate everything. don't recommend this. not sure where all of the high reviews came from. LOU.EARL 美国 2天 人在使用应"
langify,1star,2022年3月18日,Thank you for your honest feedback and sorry for the inconvenience! 1. Depending on the theme that you are using there definitely are some cases where it requires some custom ... 显示详细信息 1 2 3 下一页
langify,1star,2021年11月4日,Slowest App I have ever seen on the app store. Sometimes takes 10-15 min for the page to load. Can definitely not recommend this app. William Walker 德国 大约3年 人在使用应用 langify GmbH & Co. KG
langify,1star,2021年11月13日,Hey - probably too late but we've switched servers to improve loading times a lot! Please reach out to us if you want to give it another chance!
langify,1star,2015年4月9日,"The price keeps going up, but the performance is still very amateurish. To charge someone 17.50 for something that you have to do yourself (translating the pages) seems steep. The vendor states he is working on automatic translation, and after almost 1 year using this it has yet to happen. Not impre"
langify,1star,2018年10月4日,"I used this app to translate my English SHOPIFY store into German and Italian, and was hoping to do so for Spanish and French as well. As we are based in the EU functioning multi-linguality is a must! First of all, this app DOES NOT TRANSLATE anything. It offers a split mode for you to enter the ext"
langify,1star,2017年11月21日,"Reading all these reviews, I’m not sure I've tried the same app as the other users. We lost an incredible amount of time trying to make it work. Sure, customer support is kind and fast to answer, but this didn’t change much for us. There might still be cases in which Langify could work for you thoug"
langify,1star,2018年2月2日,"Pay $ 17 50 for an application that does not work. No thanks ! After 1 year of use, we got tired of it! We have changed ... I do not recommend at all! Narkoze 法属波利尼西亚 12个月 人在使用应用"
langify,1star,2018年4月29日,the guide doesnt work it doesnt translate its not even free like other apps worst experience with an app so far Ariesdenhomedecor 加拿大 大约1小时 人在使用应用
langify,1star,2021年6月28日,"Very very slow app and difficult to navigate. The translations are really inaccurate, this is so time consuming!!!!! puchang wine 香港特别行政区 大约1个月 人在使用应用"
langify,1star,2019年4月18日,"I tried to uninstall it, as I don't need it right now but maybe later. Impossible to have it perfectly uninstall. Many files are bugging my website. SO BE CAREFUL BEFORE INSTALLING. Maybe langify can help me ? MACKEENE 法国 大约1年 人在使用应用 编辑时间："
langify,1star,2020年3月23日,"extremely buggy app, takes ages to load and doesn't register several strings that are clearly translated. Translations regularly jump back to old versions. our shop has lost 1000's of dollars in sales because of this app. 100% not recommended, steer away NIU Pre-sale 香港特别行政区 大约2个月 人在使用应用"
langify,1star,2020年4月29日,"Real bad support service. My store broke down after incorporating a translation via this app 3 days ago, 3 DAYS NOT SELLING BECAUSE OF THIS APP!! I have been unable to sell my most important products to my most important customers (german) and THEY HAVE DONE NOTHING TO SOLVE IT!! We have contacted t"
langify,1star,2021年2月22日,The Langify App started changing our Romanian original text on all Collections to English translation. We wrote Langify and to our surprise was being told they thing it is a bug in Shopify and that the Langify developer who can solve this is sick and we need to wait 6 days until he comes back to wor
langify,1star,2024年12月12日,Scam already uninstall but still charging me TricycleBlend 香港特别行政区 接近8年 人在使用应用 langify GmbH & Co. KG
langify,1star,2024年12月13日,"Thank you for your feedback. We understand your concern regarding the charges after uninstalling the app. Please allow us to clarify that Shopify handles all app payments, ... 显示详细信息"
langify,1star,2018年4月17日,"Keep in mind they don't have a customer service over the phone, just by email so good luck if you have issue. They don't answer back right away by email so it can take a day to resolve a problem. Musst 加拿大 大约2个月 人在使用应用"
langify,1star,2021年6月25日,"Langify v2 Cons, found with my experience: - unable to manage pages from page builder, other than pagefly - impossible to translate the contents of the site (cart, account, etc.) - does not recognize all metafields - very complex and not very functional installation, always required technical suppor"
langify,1star,2021年6月28日,Thank you fo your feedback and I'd like to use this reply to clarify some things! 1. It's simply not true that we do not support other page builders than pagefly. langify is ... 显示详细信息
langify,1star,2021年7月1日,Very very slow response. Servers are very slow in responding. We are stuck in going live and the support team is not helping the way they should be knowing the criticality of the issue. I hope this comment will make them look into the matter and respond to us. We are loosing time by every passing mi
langify,1star,2025年3月23日,"I purchased the app and added three languages, but despite this, the automatic translation does not start. There is no visible button to initiate the translation, and even after uninstalling and reinstalling the app, the issue persists. I have paid for the service, yet it is not functioning as expec"
langify,1star,2025年6月7日,"Contraté la suscripción básica de Langify, pero decidí desinstalarla al día siguiente debido a su mal funcionamiento. Sin embargo, me han cobrado a pesar de no haber utilizado la aplicación. Solicito una aclaración sobre el motivo de este cobro y exijo el reintegro del importe cobrado indebidamente."
langify,1star,2024年10月5日,Non e Gratis Edicola online 意大利 14分钟 人在使用应用 langify GmbH & Co. KG
langify,1star,2024年12月13日,"Thank you for your feedback. We offer both a Free Plan and several paid plans to cater to different needs and preferences. The details of each plan, including features and ... 显示详细信息"
langify,1star,2021年5月30日,"After deleted the app, the languages selectors remains on my website pages and the previous app doesn't work anymore, really bad! vinolog24.com 意大利 17分钟 人在使用应用 langify GmbH & Co. KG"
langify,1star,2021年5月31日,Johannes from langify here :) Thank you for your review! The problem could have been solved by un-publishing the switcher before uninstalling the app. We can of course remove ... 显示详细信息 上一页 1 2 3
langify,2star,2019年12月19日,"Version 1 is ok, but all in a sudden they launched version 2 with a lot of issues. - Loading slow, very slow - Functionalities very different with version 1 Confusing and CS is a bit careless. Vivien Yeo's Beauty Store 香港特别行政区 2天 人在使用应用"
langify,2star,2020年3月22日,There is no option to translate the contents automatically. Only manual translation which is time consuming. Customer service was fast and efficient but could be more friendly. Japanese Taste 日本 1年多 人在使用应用
langify,2star,2020年6月9日,"Non-efficient customer support. I tried to uninstall the app and it did not remove all their code. After I contacted them they told me no code was left and that was not true and later they have also realized that. They told me to reinstall the app, then to uninstall, then to install again (I have lo"
langify,2star,2022年7月5日,"Unable to search for products, customer support does not understand the problem, customer service level is in decline WGC Shop 香港特别行政区 大约2个月 人在使用应用"
langify,2star,2018年9月30日,"I installed the app for two days, then realised that I dd not really need it And I have spent the last month dealing with the left over code that has caused all sorts of problems on my site, it seems that Im talking to shopify support every day Ktisis E-shop 希腊 大约2小时 人在使用应用"
langify,3star,2022年8月16日,It's very slow to open langify. It can't be opened for more than ten minutes.It's very slow to open langify. It can't be opened for more than ten minutes. godes 中国 大约15小时 人在使用应用 编辑时间：
langify,3star,2019年8月7日,"I love the idea of the app, the support team was very helpful and it has great potential. Just need some optimization, not so user-friendly yet. I feel bad for bothering the developers all the time - with optimization user could do changes easily by themselves. Will keep the review updating! Naughty"
langify,3star,2021年2月12日,"This app seems to be one of the best available in Shopify App store right now BUT it is far from perfect. Main disadvantages of it: - It not possible to add translations in bulk. You need to go to the product one-by-one. There is a possibility of import/export PO file but unfortunately, it is not he"
langify,3star,2021年7月12日,"The app was working perfectly but has some serious issues lately. Trying to enter the app, it loads for a minute and then crashes. If I manage to load the app then it just continues to load every page for ages. I am hoping this will be fixed soon. Mura Pehnec 克罗地亚 3年多 人在使用应用"
langify,3star,2021年11月13日,"I Install this App, then I want to try other translate App, so I delete it, but the code still show on our first page. Today I have send the email for them, and request them to delete the code, I am waiting for them, let me send the update reviews after they works! Albenth Optics 中国 大约6小时 人在使用应用 lan"
langify,3star,2021年11月13日,... and so we did on a weekend immediately. All code has been removed. Your review stays. Reached out to you several times - no reply. 编辑时间：
langify,3star,2022年3月11日,"Update: The support team reached out quickly and helped resolve the issue. They were very knowledgeable. I still think setup, onboarding process, and compatibility with shopify markets could be improved-no shop owner should have his store go down for a whole day as soon as an app is installed. But I"
langify,3star,2019年12月14日,The code this injects in your them and the complete lack of developer documentation for the custom ly_ tags makes your theme very hard to edit afterwards. If you dont touch the code of your Shopify store then this is a very good solution to translate your site. If you do need to modify the code of y


=== Orbe Geolocation (0 reviews) ===
Orbe Geolocation,无,无,该App无1-3星差评（292条评论全为4-5星）
,,
=== EZ Product Image Translate (1 review) ===
EZ Product Image Translate,无,无,该App无1-2星差评（仅1条3星评论，未显示详细内容）
,,
=== Geolocation & Markets—Selecty (2 reviews) ===
Selecty,1star,2026-05-15,In der kostenlosen Version absolut unbrauchbar. Reine Kundenfangerei! (HDsports Shop)
Selecty,1star,2024-12-12,Awful Experience. Failed to detect locations correctly, currency conversion completely inaccurate. (BioMacunBG)
